Workbook

Sheet Notes
A1: This is an example sheet with made-up data to showcase visualization

Sheet Experimental_parameters
A1: Tall tubes | B1: Species | C1: Strain | D1: Starting gravity (Plato) | E1: Inoculum density (cells/mL) | F1: Temperature (°C) | G1: Experiment number | H1: Date start experiment | I1: # of replicates | J1: Pitch
A2: 1 | B2: Saccharomyces pastorianus | C2: strain-1 | D2: 17 | E2: 5000000 | F2: 12 | G2: 1000 | H2: 46268 | I2: 2 | J2: 1
A3: 2

Sheet Planning_preculture
A1: PROCEDURE
A3: 44442 | B3: Inoculate wake-up cultures: Stock in 100mL YPD.
B4: Incubate at 12°C and 200rpm.
A6: 44445 | B6: Transfer wake-up culture to YPM6% preculture at an OD of 0.8 in 4x100mL Shake Flasks.
B8: Details wake-up culture:
C9: Dilution | F9: Volume to transfer to preculture:
C10: OD1
C11: OD2 | G11: =0.8*100/D12 -> #DIV/0! | H11: mL
C12: OD660 | D12: =D9*AVERAGE(D10:D11) -> #DIV/0!
B14: Incubate at 12°C and 200rpm.
A16: 44447 | B16: Start Tall Tube experiment
B18: 1. | C18: Inoculum preparation.
C20: Details preculture:
D21: Dilution | E21: 50
D22: OD1 | E22: 0.176
D23: OD2 | E23: 0.159
D24: OD660 | E24: =E21*AVERAGE(E22:E23) -> 8.375
D25: Resuspension volume for OD660 = ~20 | E25: =E24*500/20 -> 209.375 | F25: mL →→ | G25: Spin down and resuspend in | J25: 150 | K25: mL
C27: Cell count resuspension: | H27: Inoculum
D28: Total count | H28: Volume | I28: 5000 | J28: ml
D29: Dead count | H29: Cell count | I29: =5000000 -> 5000000 | J29: Cell/ml
D30: Viability | E30: =1-(AVERAGE(E29:F29)/AVERAGE(E28:F28)) -> #DIV/0! | I30: Resuspension: | J30: =I29*I28/E31 -> #DIV/0! | K30: mL
D31: Viable count | E31: =AVERAGE(E28:F28)*E30 -> #DIV/0! | F31: cells/mL | I31: Water: | J31: =200-J30 -> #DIV/0! | K31: mL
B33: 2. | C33: Fill each Tall Tube with 2395g of inoculated 21°P wort
B35: 3. | D35: Start logging of MFM
D36: First sample
B38: Last sample
D39: Diacetyl < threshold | G39: °P End?
D43: Viability at the cone

Sheet CellCount_Viability
A1: Date | B1: Time (h) | C1: Time (days) | D1: 1 Dead cells | E1: 1 Total cells | F1: 1 Viability (%) | G1: 2 Dead cells | H1: 2 Total cells | I1: 2 Viability (%)
A2: 46268 | B2: =C2*24 -> 0 | C2: =IF(NOT(A2=0),A2-$A$2,"") -> 0 | D2: 10000 | E2: 4862000 | F2: =(E2-D2)/E2 -> 0.99794323 | G2: 10000 | H2: 4732200 | I2: =(H2-G2)/H2 -> 0.99788682
A3: 46269 | B3: =C3*24 -> 24 | C3: =IF(NOT(A3=0),A3-$A$2,"") -> 1 | D3: 20000 | E3: 14175000 | F3: =(E3-D3)/E3 -> 0.99858907 | G3: 20000 | H3: 13974000 | I3: =(H3-G3)/H3 -> 0.99856877
A4: 46270 | B4: =C4*24 -> 48 | C4: =IF(NOT(A4=0),A4-$A$2,"") -> 2 | D4: 30000 | E4: 32590800 | F4: =(E4-D4)/E4 -> 0.99907949 | G4: 30000 | H4: 31570000 | I4: =(H4-G4)/H4 -> 0.99904973
A5: 46271 | B5: =C5*24 -> 72 | C5: =IF(NOT(A5=0),A5-$A$2,"") -> 3 | D5: 40000 | E5: 40902000 | F5: =(E5-D5)/E5 -> 0.99902205 | G5: 40000 | H5: 43804800 | I5: =(H5-G5)/H5 -> 0.99908686
A6: 46272 | B6: =C6*24 -> 96 | C6: =IF(NOT(A6=0),A6-$A$2,"") -> 4 | D6: 50000 | E6: 38494000 | F6: =(E6-D6)/E6 -> 0.9987011 | G6: 50000 | H6: 40986000 | I6: =(H6-G6)/H6 -> 0.99878007
A7: 46273 | B7: =C7*24 -> 120 | C7: =IF(NOT(A7=0),A7-$A$2,"") -> 5 | D7: 60000 | E7: 37886800 | F7: =(E7-D7)/E7 -> 0.99841633 | G7: 60000 | H7: 37788800 | I7: =(H7-G7)/H7 -> 0.99841223
A8: 46274 | B8: =C8*24 -> 144 | C8: =IF(NOT(A8=0),A8-$A$2,"") -> 6 | D8: 70000 | E8: 15606000 | F8: =(E8-D8)/E8 -> 0.99551455 | G8: 70000 | H8: 10925000 | I8: =(H8-G8)/H8 -> 0.99359268
A9: 46275 | B9: =C9*24 -> 168 | C9: =IF(NOT(A9=0),A9-$A$2,"") -> 7 | D9: 80000 | E9: 5220800 | F9: =(E9-D9)/E9 -> 0.98467668 | G9: 80000 | H9: 5777000 | I9: =(H9-G9)/H9 -> 0.98615198
A10: 46276 | B10: =C10*24 -> 192 | C10: =IF(NOT(A10=0),A10-$A$2,"") -> 8 | D10: 90000 | E10: 2475000 | F10: =(E10-D10)/E10 -> 0.96363636 | G10: 90000 | H10: 2998800 | I10: =(H10-G10)/H10 -> 0.969988
A11: 46277 | B11: =C11*24 -> 216 | C11: =IF(NOT(A11=0),A11-$A$2,"") -> 9 | D11: 100000 | E11: 2310800 | F11: =(E11-D11)/E11 -> 0.95672494 | G11: 100000 | H11: 2415000 | I11: =(H11-G11)/H11 -> 0.95859213
A12: 46278 | B12: =C12*24 -> 240 | C12: =IF(NOT(A12=0),A12-$A$2,"") -> 10 | D12: 110000 | E12: 1710000 | F12: =(E12-D12)/E12 -> 0.93567251 | G12: 110000 | H12: 1900000 | I12: =(H12-G12)/H12 -> 0.94210526
A13: 0 | B13: =C13*24 -> #VALUE! | C13: =IF(NOT(A13=0),A13-$A$2,"") | D13: #N/A | E13: #N/A | F13: =(E13-D13)/E13 -> #N/A | G13: #N/A | H13: #N/A | I13: =(H13-G13)/H13 -> #N/A
A14: 0 | B14: =C14*24 -> #VALUE! | C14: =IF(NOT(A14=0),A14-$A$2,"") | D14: #N/A | E14: #N/A | F14: =(E14-D14)/E14 -> #N/A | G14: #N/A | H14: #N/A | I14: =(H14-G14)/H14 -> #N/A
A15: 0 | B15: =C15*24 -> #VALUE! | C15: =IF(NOT(A15=0),A15-$A$2,"") | D15: #N/A | E15: #N/A | F15: =(E15-D15)/E15 -> #N/A | G15: #N/A | H15: #N/A | I15: =(H15-G15)/H15 -> #N/A
A16: 0 | B16: =C16*24 -> #VALUE! | C16: =IF(NOT(A16=0),A16-$A$2,"") | D16: #N/A | E16: #N/A | F16: =(E16-D16)/E16 -> #N/A | G16: #N/A | H16: #N/A | I16: =(H16-G16)/H16 -> #N/A
A17: 0 | B17: =C17*24 -> #VALUE! | C17: =IF(NOT(A17=0),A17-$A$2,"") | D17: #N/A | E17: #N/A | F17: =(E17-D17)/E17 -> #N/A | G17: #N/A | H17: #N/A | I17: =(H17-G17)/H17 -> #N/A
A18: 0 | B18: =C18*24 -> #VALUE! | C18: =IF(NOT(A18=0),A18-$A$2,"") | D18: #N/A | E18: #N/A | F18: =(E18-D18)/E18 -> #N/A | G18: #N/A | H18: #N/A | I18: =(H18-G18)/H18 -> #N/A
A19: 0 | B19: =C19*24 -> #VALUE! | C19: =IF(NOT(A19=0),A19-$A$2,"") | D19: #N/A | E19: #N/A | F19: =(E19-D19)/E19 -> #N/A | G19: #N/A | H19: #N/A | I19: =(H19-G19)/H19 -> #N/A
A20: 0 | B20: =C20*24 -> #VALUE! | C20: =IF(NOT(A20=0),A20-$A$2,"") | D20: #N/A | E20: #N/A | F20: =(E20-D20)/E20 -> #N/A | G20: #N/A | H20: #N/A | I20: =(H20-G20)/H20 -> #N/A
A21: 0 | B21: =C21*24 -> #VALUE! | C21: =IF(NOT(A21=0),A21-$A$2,"") | D21: #N/A | E21: #N/A | F21: =(E21-D21)/E21 -> #N/A | G21: #N/A | H21: #N/A | I21: =(H21-G21)/H21 -> #N/A

Sheet Attenuation
D1: =Experimental_parameters!A2 -> 1 | E1: =Experimental_parameters!A3 -> 2
A2: Date | B2: Time (h) | C2: Time (days) | D2: TT1 | E2: TT2
A3: =CellCount_Viability!A2 -> 46268 | B3: =C3*24 -> 0 | C3: =IF(NOT(A3=0),A3-$A$3,"") -> 0 | D3: 17.3 | E3: 17.127
A4: =CellCount_Viability!A3 -> 46269 | B4: =C4*24 -> 24 | C4: =IF(NOT(A4=0),A4-$A$3,"") -> 1 | D4: 16.5 | E4: 17.034
A5: =CellCount_Viability!A4 -> 46270 | B5: =C5*24 -> 48 | C5: =IF(NOT(A5=0),A5-$A$3,"") -> 2 | D5: 13.959 | E5: 15.29
A6: =CellCount_Viability!A5 -> 46271 | B6: =C6*24 -> 72 | C6: =IF(NOT(A6=0),A6-$A$3,"") -> 3 | D6: 12.138 | E6: 12.376
A7: =CellCount_Viability!A6 -> 46272 | B7: =C7*24 -> 96 | C7: =IF(NOT(A7=0),A7-$A$3,"") -> 4 | D7: 8.74 | E7: 9.108
A8: =CellCount_Viability!A7 -> 46273 | B8: =C8*24 -> 120 | C8: =IF(NOT(A8=0),A8-$A$3,"") -> 5 | D8: 6.86 | E8: 6.86
A9: =CellCount_Viability!A8 -> 46274 | B9: =C9*24 -> 144 | C9: =IF(NOT(A9=0),A9-$A$3,"") -> 6 | D9: 4.998 | E9: 4.655
A10: =CellCount_Viability!A9 -> 46275 | B10: =C10*24 -> 168 | C10: =IF(NOT(A10=0),A10-$A$3,"") -> 7 | D10: 4.784 | E10: 4.905
A11: =CellCount_Viability!A10 -> 46276 | B11: =C11*24 -> 192 | C11: =IF(NOT(A11=0),A11-$A$3,"") -> 8 | D11: 4.356 | E11: 4.386
A12: =CellCount_Viability!A11 -> 46277 | B12: =C12*24 -> 216 | C12: =IF(NOT(A12=0),A12-$A$3,"") -> 9 | D12: 4.796 | E12: 4.515
A13: =CellCount_Viability!A12 -> 46278 | B13: =C13*24 -> 240 | C13: =IF(NOT(A13=0),A13-$A$3,"") -> 10 | D13: 4.085 | E13: 3.99
A14: =CellCount_Viability!A13 -> 0 | B14: =C14*24 -> #VALUE! | C14: =IF(NOT(A14=0),A14-$A$3,"") | D14: #N/A | E14: #N/A
A15: =CellCount_Viability!A14 -> 0 | B15: =C15*24 -> #VALUE! | C15: =IF(NOT(A15=0),A15-$A$3,"") | D15: #N/A | E15: #N/A
A16: =CellCount_Viability!A15 -> 0 | B16: =C16*24 -> #VALUE! | C16: =IF(NOT(A16=0),A16-$A$3,"") | D16: #N/A | E16: #N/A
A17: =CellCount_Viability!A16 -> 0 | B17: =C17*24 -> #VALUE! | C17: =IF(NOT(A17=0),A17-$A$3,"") | D17: #N/A | E17: #N/A
A18: =CellCount_Viability!A17 -> 0 | B18: =C18*24 -> #VALUE! | C18: =IF(NOT(A18=0),A18-$A$3,"") | D18: #N/A | E18: #N/A
A19: =CellCount_Viability!A18 -> 0 | B19: =C19*24 -> #VALUE! | C19: =IF(NOT(A19=0),A19-$A$3,"") | D19: #N/A | E19: #N/A
A20: =CellCount_Viability!A19 -> 0 | B20: =C20*24 -> #VALUE! | C20: =IF(NOT(A20=0),A20-$A$3,"") | D20: #N/A | E20: #N/A
A21: =CellCount_Viability!A20 -> 0 | B21: =C21*24 -> #VALUE! | C21: =IF(NOT(A21=0),A21-$A$3,"") | D21: #N/A | E21: #N/A
A22: =CellCount_Viability!A21 -> 0 | B22: =C22*24 -> #VALUE! | C22: =IF(NOT(A22=0),A22-$A$3,"") | D22: #N/A | E22: #N/A

Sheet pH
D1: =Experimental_parameters!A2 -> 1 | E1: =Experimental_parameters!A3 -> 2
A2: Date | B2: Time (h) | C2: Time (days) | D2: TT1 | E2: TT2
A3: =CellCount_Viability!A2 -> 46268 | B3: =C3*24 -> 0 | C3: =IF(NOT(A3=0),A3-$A$3,"") -> 0 | D3: 5.533 | E3: 4.9698
A4: =CellCount_Viability!A3 -> 46269 | B4: =C4*24 -> 24 | C4: =IF(NOT(A4=0),A4-$A$3,"") -> 1 | D4: 4.76 | E4: 4.8756
A5: =CellCount_Viability!A4 -> 46270 | B5: =C5*24 -> 48 | C5: =IF(NOT(A5=0),A5-$A$3,"") -> 2 | D5: 4.4748 | E5: 4.983
A6: =CellCount_Viability!A5 -> 46271 | B6: =C6*24 -> 72 | C6: =IF(NOT(A6=0),A6-$A$3,"") -> 3 | D6: 4.488 | E6: 4.6176
A7: =CellCount_Viability!A6 -> 46272 | B7: =C7*24 -> 96 | C7: =IF(NOT(A7=0),A7-$A$3,"") -> 4 | D7: 4.0945 | E7: 4.2768
A8: =CellCount_Viability!A7 -> 46273 | B8: =C8*24 -> 120 | C8: =IF(NOT(A8=0),A8-$A$3,"") -> 5 | D8: 4.1846 | E8: 4.1846
A9: =CellCount_Viability!A8 -> 46274 | B9: =C9*24 -> 144 | C9: =IF(NOT(A9=0),A9-$A$3,"") -> 6 | D9: 4.3452 | E9: 4.047
A10: =CellCount_Viability!A9 -> 46275 | B10: =C10*24 -> 168 | C10: =IF(NOT(A10=0),A10-$A$3,"") -> 7 | D10: 4.4824 | E10: 4.687
A11: =CellCount_Viability!A10 -> 46276 | B11: =C11*24 -> 192 | C11: =IF(NOT(A11=0),A11-$A$3,"") -> 8 | D11: 4.2669 | E11: 4.4268
A12: =CellCount_Viability!A11 -> 46277 | B12: =C12*24 -> 216 | C12: =IF(NOT(A12=0),A12-$A$3,"") -> 9 | D12: 4.7306 | E12: 4.557
A13: =CellCount_Viability!A12 -> 46278 | B13: =C13*24 -> 240 | C13: =IF(NOT(A13=0),A13-$A$3,"") -> 10 | D13: 4.142 | E13: 4.1325
A14: =CellCount_Viability!A13 -> 0 | B14: =C14*24 -> #VALUE! | C14: =IF(NOT(A14=0),A14-$A$3,"") | D14: #N/A | E14: #N/A
A15: =CellCount_Viability!A14 -> 0 | B15: =C15*24 -> #VALUE! | C15: =IF(NOT(A15=0),A15-$A$3,"") | D15: #N/A | E15: #N/A
A16: =CellCount_Viability!A15 -> 0 | B16: =C16*24 -> #VALUE! | C16: =IF(NOT(A16=0),A16-$A$3,"") | D16: #N/A | E16: #N/A
A17: =CellCount_Viability!A16 -> 0 | B17: =C17*24 -> #VALUE! | C17: =IF(NOT(A17=0),A17-$A$3,"") | D17: #N/A | E17: #N/A
A18: =CellCount_Viability!A17 -> 0 | B18: =C18*24 -> #VALUE! | C18: =IF(NOT(A18=0),A18-$A$3,"") | D18: #N/A | E18: #N/A
A19: =CellCount_Viability!A18 -> 0 | B19: =C19*24 -> #VALUE! | C19: =IF(NOT(A19=0),A19-$A$3,"") | D19: #N/A | E19: #N/A
A20: =CellCount_Viability!A19 -> 0 | B20: =C20*24 -> #VALUE! | C20: =IF(NOT(A20=0),A20-$A$3,"") | D20: #N/A | E20: #N/A
A21: =CellCount_Viability!A20 -> 0 | B21: =C21*24 -> #VALUE! | C21: =IF(NOT(A21=0),A21-$A$3,"") | D21: #N/A | E21: #N/A
A22: =CellCount_Viability!A21 -> 0 | B22: =C22*24 -> #VALUE! | C22: =IF(NOT(A22=0),A22-$A$3,"") | D22: #N/A | E22: #N/A
D27: 1.1 | E27: 0.99
D28: 1 | E28: 1.02
D29: 0.99 | E29: 1.1
D30: 1.02 | E30: 1.04
D31: 0.95 | E31: 0.99
D32: 0.98 | E32: 0.98
D33: 1.02 | E33: 0.95
D34: 1.04 | E34: 1.09
D35: 0.99 | E35: 1.02
D36: 1.09 | E36: 1.05
D37: 0.95 | E37: 0.95

Sheet Cone_viability
A1: Cone viability | B1: 1 Dead cells | C1: 1 Total cells | D1: 1 Viability (%) | E1: TT1 average | F1: TT1 stdev | G1: 2 Dead cells | H1: 2 Total cells | I1: 2 Viability (%) | J1: TT2 average | K1: TT2 stdev
A2: 1 | B2: 110000 | C2: 1710000 | D2: =(C2-B2)/C2 -> 0.93567251 | E2: =_xlfn.AGGREGATE(1,6,D2:D6) -> 0.91571374 | F2: =_xlfn.AGGREGATE(7,6,D2:D6) -> 0.018067555 | G2: 100000 | H2: 1800000 | I2: =(H2-G2)/H2 -> 0.94444444 | J2: =_xlfn.AGGREGATE(1,6,I2:I6) -> 0.92144058 | K2: =_xlfn.AGGREGATE(7,6,I2:I6) -> 0.035961174
A3: 2 | B3: 210000 | C3: 2110000 | D3: =(C3-B3)/C3 -> 0.90047393 | G3: 98000 | H3: 1630000 | I3: =(H3-G3)/H3 -> 0.9398773
A4: 3 | B4: 170000 | C4: 1910000 | D4: =(C4-B4)/C4 -> 0.91099476 | G4: 180000 | H4: 1500000 | I4: =(H4-G4)/H4 -> 0.88

Sheet HPLC_raw
A1: T1 | B1: =CellCount_Viability!A2 -> 46268 | F1: Maltoheptaose | G1: Maltohexaose | H1: Maltopentao se | I1: Maltotetraose | J1: Maltotriose | K1: Maltose | L1: Glucose | M1: Fructose | N1: Glycerol | O1: Ethanol
A2: MT01-MTT-260_CBS1483_17P-s10a | C2: D2F-A3 | E2: 1 | F2: 1.39 | G2: 1.98 | H2: 2.26 | I2: 5.28 | J2: 26.942385 | K2: 86.334395 | L2: 20.24226 | M2: 7.856225 | N2: 0 | O2: 0.772485
A3: MT01-MTT-260_CBS1483_17P-s10b | C3: D2F-B3 | E3: 1 | F3: 1.4735022 | G3: 1.9843252 | H3: 2.4231065 | I3: 5.6250642 | J3: 29.392615 | K3: 87.709438 | L3: 20.828936 | M3: 8.0467368 | N3: 0 | O3: 0.8213826 | Q3: =F2+RAND()*0.1*F$2*$AC3 -> 1.3858954 | R3: =G2+RAND()*0.1*G$2*$AC3 -> 1.9703372 | S3: =H2+RAND()*0.1*H$2*$AC3 -> 2.1217539 | T3: =I2+RAND()*0.1*I$2*$AC3 -> 5.039149 | U3: =J2+RAND()*0.1*J$2*$AC3 -> 26.129547 | V3: =K2+RAND()*0.1*K$2*$AC3 -> 82.607923 | W3: =L2+RAND()*0.1*L$2*$AC3 -> 18.876832 | X3: =M2+RAND()*0.1*M$2*$AC3 -> 7.6875978 | Y3: =N2+RAND()*0.1*N$2*$AC3 -> 0 | Z3: =O3+RAND()*0.1*O$2*$AC3 -> 0.77665154 | AB3: =RAND() -> 0.85319292 | AC3: =IF(AB3>0.5,-1,1) -> -1
A4: MT02-MTT-260_CBS1483_17P-s10a | C4: D2F-C3 | E4: 1 | F4: 1.3751697 | G4: 1.9079447 | H4: 2.1430263 | I4: 4.955885 | J4: 25.2157 | K4: 86.086046 | L4: 19.909029 | M4: 7.539648 | N4: 0 | O4: 0.69851361 | Q4: =F3+RAND()*0.1*F$2*$AC4 -> 1.4808597 | R4: =G3+RAND()*0.1*G$2*$AC4 -> 2.0983488 | S4: =H3+RAND()*0.1*H$2*$AC4 -> 2.4511903 | T4: =I3+RAND()*0.1*I$2*$AC4 -> 5.9901755 | U4: =J3+RAND()*0.1*J$2*$AC4 -> 30.224517 | V4: =K3+RAND()*0.1*K$2*$AC4 -> 88.197675 | W4: =L3+RAND()*0.1*L$2*$AC4 -> 21.276621 | X4: =M3+RAND()*0.1*M$2*$AC4 -> 8.1073399 | ... Z4: =O3+RAND()*0.1*O$2*$AC4 -> 0.89212897 | AB4: =RAND() -> 0.001545262 | AC4: =IF(AB4>0.5,-1,1) -> 1
A5: MT02-MTT-260_CBS1483_17P-s10b | C5: D2F-D3 | E5: 1 | F5: 1.3061014 | G5: 1.9043378 | H5: 2.0417964 | I5: 4.8638422 | J5: 25.271712 | K5: 78.554664 | L5: 18.269822 | M5: 7.1126854 | N5: 0 | O5: 0.71921289 | Q5: =F4+RAND()*0.1*F$2*$AC5 -> 1.2897225 | R5: =G4+RAND()*0.1*G$2*$AC5 -> 1.8272235 | S5: =H4+RAND()*0.1*H$2*$AC5 -> 2.0539774 | T5: =I4+RAND()*0.1*I$2*$AC5 -> 4.8928274 | U5: =J4+RAND()*0.1*J$2*$AC5 -> 24.737969 | V5: =K4+RAND()*0.1*K$2*$AC5 -> 82.736778 | W5: =L4+RAND()*0.1*L$2*$AC5 -> 19.050497 | X5: =M4+RAND()*0.1*M$2*$AC5 -> 7.4377111 | ... Z5: =O4+RAND()*0.1*O$2*$AC5 -> 0.6480533 | AB5: =RAND() -> 0.6314717 | AC5: =IF(AB5>0.5,-1,1) -> -1
A7: T2 | B7: =CellCount_Viability!A3 -> 46269 | F7: Maltoheptaose | G7: Maltohexaose | H7: Maltopentao se | I7: Maltotetraose | J7: Maltotriose | K7: Maltose | L7: Glucose | M7: Fructose | N7: Glycerol | O7: Ethanol
A8: MT01-MTT-260_CBS1483_17P-S2a | C8: D2F-A4 | E8: 1 | F8: 1.39 | G8: 1.98 | H8: 2.26 | I8: 5.28 | J8: 28.1985 | K8: 79.4878 | L8: 15.057 | M8: 6.365 | N8: 0.44805 | O8: 3.9456
A9: MT01-MTT-260_CBS1483_17P-S2b | C9: D2F-B4 | E9: 1 | F9: 1.475645 | G9: 2.1700287 | H9: 2.477804 | I9: 5.6955847 | J9: 30.107174 | K9: 82.268747 | L9: 15.115613 | M9: 6.3816882 | N9: 0.4830953 | O9: 3.9754122 | Q9: =F8+RAND()*0.1*F8*$AC9 -> 1.2688352 | R9: =G8+RAND()*0.1*G8*$AC9 -> 1.8914756 | S9: =H8+RAND()*0.1*H8*$AC9 -> 2.0809251 | T9: =I8+RAND()*0.1*I8*$AC9 -> 4.7850522 | U9: =J8+RAND()*0.1*J8*$AC9 -> 27.41602 | V9: =K8+RAND()*0.1*K8*$AC9 -> 75.183669 | W9: =L8+RAND()*0.1*L8*$AC9 -> 13.570895 | X9: =M8+RAND()*0.1*M8*$AC9 -> 5.8850878 | ... Z9: =O8+RAND()*0.1*O8*$AC9 -> 3.6509685 | AB9: =RAND() -> 0.95333244 | AC9: =IF(AB9>0.5,-1,1) -> -1
A10: MT02-MTT-260_CBS1483_17P-S2a | C10: D2F-C4 | E10: 1 | F10: 1.4528711 | G10: 2.1534707 | H10: 2.2754432 | I10: 5.560527 | J10: 29.412766 | K10: 83.955021 | L10: 16.43468 | M10: 6.6992746 | N10: 0.48091672 | O10: 4.3306834 | Q10: =F9+RAND()*0.1*F9*$AC10 -> 1.4893337 | R10: =G9+RAND()*0.1*G9*$AC10 -> 2.1826435 | S10: =H9+RAND()*0.1*H9*$AC10 -> 2.6000874 | T10: =I9+RAND()*0.1*I9*$AC10 -> 6.1022945 | U10: =J9+RAND()*0.1*J9*$AC10 -> 32.675465 | V10: =K9+RAND()*0.1*K9*$AC10 -> 89.04283 | W10: =L9+RAND()*0.1*L9*$AC10 -> 16.283362 | X10: =M9+RAND()*0.1*M9*$AC10 -> 6.7380407 | ... Z10: =O9+RAND()*0.1*O9*$AC10 -> 4.0642837 | AB10: =RAND() -> 0.11534867 | AC10: =IF(AB10>0.5,-1,1) -> 1
A11: MT02-MTT-260_CBS1483_17P-S2b | C11: D2F-D4 | E11: 1 | F11: 1.5191712 | G11: 2.1428144 | H11: 2.4504354 | I11: 5.5967404 | J11: 29.464914 | K11: 84.999987 | L11: 16.383557 | M11: 6.7229295 | N11: 0.45465547 | O11: 4.3048177 | Q11: =F10+RAND()*0.1*F10*$AC11 -> 1.5286634 | R11: =G10+RAND()*0.1*G10*$AC11 -> 2.3075937 | S11: =H10+RAND()*0.1*H10*$AC11 -> 2.3425985 | T11: =I10+RAND()*0.1*I10*$AC11 -> 5.7981334 | U11: =J10+RAND()*0.1*J10*$AC11 -> 29.545005 | V11: =K10+RAND()*0.1*K10*$AC11 -> 85.22474 | W11: =L10+RAND()*0.1*L10*$AC11 -> 17.458924 | X11: =M10+RAND()*0.1*M10*$AC11 -> 7.1054773 | ... Z11: =O10+RAND()*0.1*O10*$AC11 -> 4.7305443 | AB11: =RAND() -> 0.34706288 | AC11: =IF(AB11>0.5,-1,1) -> 1
A13: T3 | B13: =CellCount_Viability!A4 -> 46270 | F13: Maltoheptaose | G13: Maltohexaose | H13: Maltopentao se | I13: Maltotetraose | J13: Maltotriose | K13: Maltose | L13: Glucose | M13: Fructose | N13: Glycerol | O13: Ethanol
A14: MT01-MTT-260_CBS1483_17P-S3a | C14: D2F-A6 | E14: 1 | F14: 1.39 | G14: 1.98 | H14: 2.26 | I14: 5.28 | J14: 26.788575 | K14: 75.51341 | L14: 14.30415 | M14: 6.04675 | N14: 0.4256475 | O14: 3.74832
A15: MT01-MTT-260_CBS1483_17P-S3b | C15: D2F-B6 | E15: 1 | F15: 1.3407401 | G15: 1.9695819 | H15: 2.0984753 | I15: 4.9610019 | J15: 25.089905 | K15: 69.592721 | L15: 13.165489 | M15: 6.0323936 | N15: 0.41708445 | O15: 3.5874725 | Q15: =F14+RAND()*0.1*F14*$AC15 -> 1.4445143 | R15: =G14+RAND()*0.1*G14*$AC15 -> 2.0632551 | S15: =H14+RAND()*0.1*H14*$AC15 -> 2.287774 | T15: =I14+RAND()*0.1*I14*$AC15 -> 5.5908742 | U15: =J14+RAND()*0.1*J14*$AC15 -> 27.92444 | V15: =K14+RAND()*0.1*K14*$AC15 -> 75.972475 | W15: =L14+RAND()*0.1*L14*$AC15 -> 14.69332 | X15: =M14+RAND()*0.1*M14*$AC15 -> 6.645835 | ... Z15: =O14+RAND()*0.1*O14*$AC15 -> 4.0325749 | AB15: =RAND() -> 0.29768812 | AC15: =IF(AB15>0.5,-1,1) -> 1
A16: MT02-MTT-260_CBS1483_17P-S3a | C16: D2F-C6 | E16: 1 | F16: 1.3443001 | G16: 1.8064107 | H16: 2.2404705 | I16: 5.1946226 | J16: 24.906745 | K16: 75.119817 | L16: 14.203539 | M16: 5.6624444 | N16: 0.39229312 | O16: 3.4238976 | Q16: =F15+RAND()*0.1*F15*$AC16 -> 1.400193 | R16: =G15+RAND()*0.1*G15*$AC16 -> 2.161614 | S16: =H15+RAND()*0.1*H15*$AC16 -> 2.3069432 | T16: =I15+RAND()*0.1*I15*$AC16 -> 5.3474268 | U16: =J15+RAND()*0.1*J15*$AC16 -> 26.870343 | V16: =K15+RAND()*0.1*K15*$AC16 -> 71.223875 | W16: =L15+RAND()*0.1*L15*$AC16 -> 13.747675 | X16: =M15+RAND()*0.1*M15*$AC16 -> 6.5632045 | ... Z16: =O15+RAND()*0.1*O15*$AC16 -> 3.8470982 | AB16: =RAND() -> 0.076448281 | AC16: =IF(AB16>0.5,-1,1) -> 1
A17: MT02-MTT-260_CBS1483_17P-S3b | C17: D2F-D6 | E17: 1 | F17: 1.3847775 | G17: 1.8690812 | H17: 2.116004 | I17: 5.0399627 | J17: 25.169152 | K17: 69.401115 | L17: 13.09077 | M17: 5.8154344 | N17: 0.38544164 | O17: 3.4893134 | Q17: =F16+RAND()*0.1*F16*$AC17 -> 1.3684187 | R17: =G16+RAND()*0.1*G16*$AC17 -> 1.9078986 | S17: =H16+RAND()*0.1*H16*$AC17 -> 2.3445991 | T17: =I16+RAND()*0.1*I16*$AC17 -> 5.3928245 | U17: =J16+RAND()*0.1*J16*$AC17 -> 27.00648 | V17: =K16+RAND()*0.1*K16*$AC17 -> 79.383811 | W17: =L16+RAND()*0.1*L16*$AC17 -> 15.470597 | X17: =M16+RAND()*0.1*M16*$AC17 -> 5.7550102 | ... Z17: =O16+RAND()*0.1*O16*$AC17 -> 3.7538513 | AB17: =RAND() -> 0.33530241 | AC17: =IF(AB17>0.5,-1,1) -> 1
A19: T4 | B19: =CellCount_Viability!A5 -> 46271 | F19: Maltoheptaose | G19: Maltohexaose | H19: Maltopentao se | I19: Maltotetraose | J19: Maltotriose | K19: Maltose | L19: Glucose | M19: Fructose | N19: Glycerol | O19: Ethanol
A20: MT01-MTT-260_CBS1483_17P-S4a | C20: D2B-A1 | E20: 1 | F20: 1.39 | G20: 1.98 | H20: 2.26 | I20: 5.28 | J20: 26.3725 | K20: 55.1838 | L20: 3.22875 | M20: 3.67175 | N20: 1.5141 | O20: 26.4096
A21: MT01-MTT-260_CBS1483_17P-S4b | C21: D2B-B1 | E21: 1 | F21: 1.3035427 | G21: 1.8138698 | H21: 2.0380927 | I21: 5.2048815 | J21: 26.025311 | K21: 52.858212 | L21: 3.2094501 | M21: 3.5426309 | N21: 1.4825672 | O21: 24.328811 | Q21: =F20+RAND()*0.1*F20*$AC21 -> 1.5158664 | R21: =G20+RAND()*0.1*G20*$AC21 -> 2.0576602 | S21: =H20+RAND()*0.1*H20*$AC21 -> 2.4801945 | T21: =I20+RAND()*0.1*I20*$AC21 -> 5.6792176 | U21: =J20+RAND()*0.1*J20*$AC21 -> 28.469652 | V21: =K20+RAND()*0.1*K20*$AC21 -> 60.484832 | W21: =L20+RAND()*0.1*L20*$AC21 -> 3.4573643 | X21: =M20+RAND()*0.1*M20*$AC21 -> 3.7258327 | ... Z21: =O20+RAND()*0.1*O20*$AC21 -> 27.856142 | AB21: =RAND() -> 0.41382756 | AC21: =IF(AB21>0.5,-1,1) -> 1
A22: MT02-MTT-260_CBS1483_17P-S4a | C22: D2B-C1 | E22: 1 | F22: 1.2903475 | G22: 1.9573992 | H22: 2.1243747 | I22: 4.9880837 | J22: 24.100979 | K22: 54.602925 | L22: 3.1052026 | M22: 3.5368488 | N22: 1.4724185 | O22: 24.684251 | Q22: =F21+RAND()*0.1*F21*$AC22 -> 1.3987154 | R22: =G21+RAND()*0.1*G21*$AC22 -> 1.8593143 | S22: =H21+RAND()*0.1*H21*$AC22 -> 2.1061573 | T22: =I21+RAND()*0.1*I21*$AC22 -> 5.571996 | U22: =J21+RAND()*0.1*J21*$AC22 -> 26.872021 | V22: =K21+RAND()*0.1*K21*$AC22 -> 55.781672 | W22: =L21+RAND()*0.1*L21*$AC22 -> 3.2663872 | X22: =M21+RAND()*0.1*M21*$AC22 -> 3.5687591 | ... Z22: =O21+RAND()*0.1*O21*$AC22 -> 24.427255 | AB22: =RAND() -> 0.45018994 | AC22: =IF(AB22>0.5,-1,1) -> 1
A23: MT02-MTT-260_CBS1483_17P-S4b | C23: D2B-D1 | E23: 1 | F23: 1.4473291 | G23: 2.053986 | H23: 2.4078976 | I23: 5.2809783 | J23: 27.440365 | K23: 59.194062 | L23: 3.5444025 | M23: 3.9140854 | N23: 1.5558999 | O23: 27.422575 | Q23: =F22+RAND()*0.1*F22*$AC23 -> 1.173109 | R23: =G22+RAND()*0.1*G22*$AC23 -> 1.8498332 | S23: =H22+RAND()*0.1*H22*$AC23 -> 2.1012905 | T23: =I22+RAND()*0.1*I22*$AC23 -> 4.6935696 | U23: =J22+RAND()*0.1*J22*$AC23 -> 23.438747 | V23: =K22+RAND()*0.1*K22*$AC23 -> 50.751859 | W23: =L22+RAND()*0.1*L22*$AC23 -> 3.0439171 | X23: =M22+RAND()*0.1*M22*$AC23 -> 3.4978384 | ... Z23: =O22+RAND()*0.1*O22*$AC23 -> 23.792414 | AB23: =RAND() -> 0.76504735 | AC23: =IF(AB23>0.5,-1,1) -> -1
A25: T5 | B25: =CellCount_Viability!A6 -> 46272 | F25: Maltoheptaose | G25: Maltohexaose | H25: Maltopentao se | I25: Maltotetraose | J25: Maltotriose | K25: Maltose | L25: Glucose | M25: Fructose | N25: Glycerol | O25: Ethanol
A26: MT01-MTT-260_CBS1483_17P-S5a | C26: D2F-A1 | E26: 1 | F26: 1.39 | G26: 1.98 | H26: 2.26 | I26: 5.28 | J26: 25.0525 | K26: 36.4119 | L26: 0 | M26: 1.767 | N26: 1.9776 | O26: 33.9984
A27: MT01-MTT-260_CBS1483_17P-S5b | C27: D2F-B1 | E27: 1 | F27: 1.4690634 | G27: 2.0377215 | H27: 2.263527 | I27: 5.5776635 | J27: 26.120979 | K27: 38.253619 | L27: 0 | M27: 1.8929599 | N27: 2.13543 | O27: 35.951832 | Q27: =F26+RAND()*0.1*F26*$AC27 -> 1.3067045 | R27: =G26+RAND()*0.1*G26*$AC27 -> 1.8381292 | S27: =H26+RAND()*0.1*H26*$AC27 -> 2.220062 | T27: =I26+RAND()*0.1*I26*$AC27 -> 4.753644 | U27: =J26+RAND()*0.1*J26*$AC27 -> 23.539253 | V27: =K26+RAND()*0.1*K26*$AC27 -> 35.252588 | W27: =L26+RAND()*0.1*L26*$AC27 -> 0 | X27: =M26+RAND()*0.1*M26*$AC27 -> 1.7566169 | ... Z27: =O26+RAND()*0.1*O26*$AC27 -> 32.664286 | AB27: =RAND() -> 0.74025422 | AC27: =IF(AB27>0.5,-1,1) -> -1
A28: MT02-MTT-260_CBS1483_17P-S5a | C28: D2F-C1 | E28: 1 | F28: 1.3610222 | G28: 1.8069907 | H28: 2.2117797 | I28: 4.985013 | J28: 24.82296 | K28: 34.296971 | L28: 0 | M28: 1.7182177 | N28: 1.785001 | O28: 30.806775 | Q28: =F27+RAND()*0.1*F27*$AC28 -> 1.366061 | R28: =G27+RAND()*0.1*G27*$AC28 -> 1.844943 | S28: =H27+RAND()*0.1*H27*$AC28 -> 2.2492902 | T28: =I27+RAND()*0.1*I27*$AC28 -> 5.2336038 | U28: =J27+RAND()*0.1*J27*$AC28 -> 24.471248 | V28: =K27+RAND()*0.1*K27*$AC28 -> 35.249106 | W28: =L27+RAND()*0.1*L27*$AC28 -> 0 | X28: =M27+RAND()*0.1*M27*$AC28 -> 1.8834632 | ... Z28: =O27+RAND()*0.1*O27*$AC28 -> 33.467921 | AB28: =RAND() -> 0.73877933 | AC28: =IF(AB28>0.5,-1,1) -> -1
A29: MT02-MTT-260_CBS1483_17P-S5b | C29: D2F-D1 | E29: 1 | F29: 1.3814277 | G29: 1.8243475 | H29: 2.0743451 | I29: 5.1991272 | J29: 24.448293 | K29: 32.810549 | L29: 0 | M29: 1.6221765 | N29: 1.8075027 | O29: 33.876394 | Q29: =F28+RAND()*0.1*F28*$AC29 -> 1.3210751 | R29: =G28+RAND()*0.1*G28*$AC29 -> 1.7992208 | S29: =H28+RAND()*0.1*H28*$AC29 -> 2.1888386 | T29: =I28+RAND()*0.1*I28*$AC29 -> 4.8221971 | U29: =J28+RAND()*0.1*J28*$AC29 -> 24.019647 | V29: =K28+RAND()*0.1*K28*$AC29 -> 34.124533 | W29: =L28+RAND()*0.1*L28*$AC29 -> 0 | X29: =M28+RAND()*0.1*M28*$AC29 -> 1.6625229 | ... Z29: =O28+RAND()*0.1*O28*$AC29 -> 27.877837 | AB29: =RAND() -> 0.59291595 | AC29: =IF(AB29>0.5,-1,1) -> -1
A31: T6 | B31: =CellCount_Viability!A7 -> 46273 | F31: Maltoheptaose | G31: Maltohexaose | H31: Maltopentao se | I31: Maltotetraose | J31: Maltotriose | K31: Maltose | L31: Glucose | M31: Fructose | N31: Glycerol | O31: Ethanol
A32: MT01-MTT-260_CBS1483_17P-S6a | C32: D2F-A2 | E32: 1 | F32: 1.39 | G32: 1.98 | H32: 2.26 | I32: 5.28 | J32: 23.2485 | K32: 20.3938 | L32: 0 | M32: 0 | N32: 2.266 | O32: 46.4352
A33: MT01-MTT-260_CBS1483_17P-S6b | C33: D2F-B2 | E33: 1 | F33: 1.3415514 | G33: 1.7902537 | H33: 2.0544876 | I33: 4.8921039 | J33: 23.04833 | K33: 18.514024 | L33: 0 | M33: 0 | N33: 2.2077237 | O33: 45.162739 | Q33: =F32+RAND()*0.1*F32*$AC33 -> 1.4752273 | R33: =G32+RAND()*0.1*G32*$AC33 -> 2.0714505 | S33: =H32+RAND()*0.1*H32*$AC33 -> 2.4536448 | T33: =I32+RAND()*0.1*I32*$AC33 -> 5.579612 | U33: =J32+RAND()*0.1*J32*$AC33 -> 25.099984 | V33: =K32+RAND()*0.1*K32*$AC33 -> 21.523233 | W33: =L32+RAND()*0.1*L32*$AC33 -> 0 | X33: =M32+RAND()*0.1*M32*$AC33 -> 0 | ... Z33: =O32+RAND()*0.1*O32*$AC33 -> 49.475637 | AB33: =RAND() -> 0.41798343 | AC33: =IF(AB33>0.5,-1,1) -> 1
A34: MT02-MTT-260_CBS1483_17P-S6a | C34: D2F-C2 | E34: 1 | F34: 1.4428453 | G34: 2.1076895 | H34: 2.4260158 | I34: 5.2795558 | J34: 24.910881 | K34: 21.563167 | L34: 0 | M34: 0 | N34: 2.4365092 | O34: 47.851995 | Q34: =F33+RAND()*0.1*F33*$AC34 -> 1.3833706 | R34: =G33+RAND()*0.1*G33*$AC34 -> 1.9243086 | S34: =H33+RAND()*0.1*H33*$AC34 -> 2.0805157 | T34: =I33+RAND()*0.1*I33*$AC34 -> 5.0501777 | U34: =J33+RAND()*0.1*J33*$AC34 -> 24.305885 | V34: =K33+RAND()*0.1*K33*$AC34 -> 18.889355 | W34: =L33+RAND()*0.1*L33*$AC34 -> 0 | X34: =M33+RAND()*0.1*M33*$AC34 -> 0 | ... Z34: =O33+RAND()*0.1*O33*$AC34 -> 48.422196 | AB34: =RAND() -> 0.26403946 | AC34: =IF(AB34>0.5,-1,1) -> 1
A35: MT02-MTT-260_CBS1483_17P-S6b | C35: D2F-D2 | E35: 1 | F35: 1.3734119 | G35: 1.9096683 | H35: 2.2448415 | I35: 4.7902873 | J35: 21.884508 | K35: 18.960857 | L35: 0 | M35: 0 | N35: 2.2626018 | O35: 43.853855 | Q35: =F34+RAND()*0.1*F34*$AC35 -> 1.4952213 | R35: =G34+RAND()*0.1*G34*$AC35 -> 2.2453494 | S35: =H34+RAND()*0.1*H34*$AC35 -> 2.4657208 | T35: =I34+RAND()*0.1*I34*$AC35 -> 5.7541409 | U35: =J34+RAND()*0.1*J34*$AC35 -> 27.271426 | V35: =K34+RAND()*0.1*K34*$AC35 -> 22.535462 | W35: =L34+RAND()*0.1*L34*$AC35 -> 0 | X35: =M34+RAND()*0.1*M34*$AC35 -> 0 | ... Z35: =O34+RAND()*0.1*O34*$AC35 -> 48.925632 | AB35: =RAND() -> 0.13580745 | AC35: =IF(AB35>0.5,-1,1) -> 1
A37: T7 | B37: =CellCount_Viability!A8 -> 46274 | F37: Maltoheptaose | G37: Maltohexaose | H37: Maltopentao se | I37: Maltotetraose | J37: Maltotriose | K37: Maltose | L37: Glucose | M37: Fructose | N37: Glycerol | O37: Ethanol
A38: MT01-MTT-260_CBS1483_17P-s10a | C38: D2F-A3 | E38: 1 | F38: 1.39 | G38: 1.98 | H38: 2.26 | I38: 5.28 | J38: 20.0915 | K38: 5.1254 | L38: 0 | M38: 0 | N38: 2.5132 | O38: 55.5504
A39: MT01-MTT-260_CBS1483_17P-s10b | C39: D2F-B3 | E39: 1 | F39: 1.4200211 | G39: 2.1163256 | H39: 2.363003 | I39: 5.287183 | J39: 21.62355 | K39: 5.4662063 | L39: 0 | M39: 0 | N39: 2.6982422 | O39: 59.789288 | Q39: =F38+RAND()*0.1*F38*$AC39 -> 1.4825866 | R39: =G38+RAND()*0.1*G38*$AC39 -> 2.0728601 | S39: =H38+RAND()*0.1*H38*$AC39 -> 2.377572 | T39: =I38+RAND()*0.1*I38*$AC39 -> 5.5638047 | U39: =J38+RAND()*0.1*J38*$AC39 -> 20.636439 | V39: =K38+RAND()*0.1*K38*$AC39 -> 5.5085016 | W39: =L38+RAND()*0.1*L38*$AC39 -> 0 | X39: =M38+RAND()*0.1*M38*$AC39 -> 0 | ... Z39: =O38+RAND()*0.1*O38*$AC39 -> 60.027249 | AB39: =RAND() -> 0.18321942 | AC39: =IF(AB39>0.5,-1,1) -> 1
A40: MT02-MTT-260_CBS1483_17P-s10a | C40: D2F-C3 | E40: 1 | F40: 1.4319852 | G40: 2.1142534 | H40: 2.3603221 | I40: 5.7049311 | J40: 20.573138 | K40: 5.4486373 | L40: 0 | M40: 0 | N40: 2.6263488 | O40: 57.510543 | Q40: =F39+RAND()*0.1*F39*$AC40 -> 1.5152236 | R40: =G39+RAND()*0.1*G39*$AC40 -> 2.1359701 | S40: =H39+RAND()*0.1*H39*$AC40 -> 2.367376 | T40: =I39+RAND()*0.1*I39*$AC40 -> 5.3190547 | U40: =J39+RAND()*0.1*J39*$AC40 -> 23.18831 | V40: =K39+RAND()*0.1*K39*$AC40 -> 5.5418862 | W40: =L39+RAND()*0.1*L39*$AC40 -> 0 | X40: =M39+RAND()*0.1*M39*$AC40 -> 0 | ... Z40: =O39+RAND()*0.1*O39*$AC40 -> 63.213861 | AB40: =RAND() -> 0.45660361 | AC40: =IF(AB40>0.5,-1,1) -> 1
A41: MT02-MTT-260_CBS1483_17P-s10b | C41: D2F-D3 | E41: 1 | F41: 1.2755547 | G41: 1.7828081 | H41: 2.1620688 | I41: 5.198952 | J41: 19.276829 | K41: 5.1233166 | L41: 0 | M41: 0 | N41: 2.4416561 | O41: 53.622254 | Q41: =F40+RAND()*0.1*F40*$AC41 -> 1.4420419 | R41: =G40+RAND()*0.1*G40*$AC41 -> 2.3252439 | S41: =H40+RAND()*0.1*H40*$AC41 -> 2.5703294 | T41: =I40+RAND()*0.1*I40*$AC41 -> 5.7335251 | U41: =J40+RAND()*0.1*J40*$AC41 -> 22.545189 | V41: =K40+RAND()*0.1*K40*$AC41 -> 5.9632703 | W41: =L40+RAND()*0.1*L40*$AC41 -> 0 | X41: =M40+RAND()*0.1*M40*$AC41 -> 0 | ... Z41: =O40+RAND()*0.1*O40*$AC41 -> 60.016561 | AB41: =RAND() -> 0.22499596 | AC41: =IF(AB41>0.5,-1,1) -> 1
A43: T8 | B43: =CellCount_Viability!A9 -> 46275 | F43: Maltoheptaose | G43: Maltohexaose | H43: Maltopentao se | I43: Maltotetraose | J43: Maltotriose | K43: Maltose | L43: Glucose | M43: Fructose | N43: Glycerol | O43: Ethanol
A44: MT01-MTT-260_CBS1483_17P-s10a | C44: D2F-A3 | E44: 1 | F44: 1.39 | G44: 1.98 | H44: 2.26 | I44: 5.28 | J44: 18.59 | K44: 3.9053 | L44: 0 | M44: 0 | N44: 2.5132 | O44: 57.6288
A45: MT01-MTT-260_CBS1483_17P-s10b | C45: D2F-B3 | E45: 1 | F45: 1.5268091 | G45: 2.1169051 | H45: 2.4192133 | I45: 5.3362137 | J45: 19.156702 | K45: 4.1677915 | L45: 0 | M45: 0 | N45: 2.5821495 | O45: 62.170092 | Q45: =F44+RAND()*0.1*F44*$AC45 -> 1.3284938 | R45: =G44+RAND()*0.1*G44*$AC45 -> 1.8277656 | S45: =H44+RAND()*0.1*H44*$AC45 -> 2.1125376 | T45: =I44+RAND()*0.1*I44*$AC45 -> 4.9508214 | U45: =J44+RAND()*0.1*J44*$AC45 -> 18.504167 | V45: =K44+RAND()*0.1*K44*$AC45 -> 3.5255294 | W45: =L44+RAND()*0.1*L44*$AC45 -> 0 | X45: =M44+RAND()*0.1*M44*$AC45 -> 0 | ... Z45: =O44+RAND()*0.1*O44*$AC45 -> 52.691174 | AB45: =RAND() -> 0.7717124 | AC45: =IF(AB45>0.5,-1,1) -> -1
A46: MT02-MTT-260_CBS1483_17P-s10a | C46: D2F-C3 | E46: 1 | F46: 1.3517184 | G46: 1.9577415 | H46: 2.0795223 | I46: 5.2249061 | J46: 18.038545 | K46: 3.748334 | L46: 0 | M46: 0 | N46: 2.3351034 | O46: 57.0534 | Q46: =F45+RAND()*0.1*F45*$AC46 -> 1.4689376 | R46: =G45+RAND()*0.1*G45*$AC46 -> 2.1163551 | S46: =H45+RAND()*0.1*H45*$AC46 -> 2.3444131 | T46: =I45+RAND()*0.1*I45*$AC46 -> 5.2949551 | U46: =J45+RAND()*0.1*J45*$AC46 -> 18.425986 | V46: =K45+RAND()*0.1*K45*$AC46 -> 3.7530302 | W46: =L45+RAND()*0.1*L45*$AC46 -> 0 | X46: =M45+RAND()*0.1*M45*$AC46 -> 0 | ... Z46: =O45+RAND()*0.1*O45*$AC46 -> 59.6359 | AB46: =RAND() -> 0.712071 | AC46: =IF(AB46>0.5,-1,1) -> -1
A47: MT02-MTT-260_CBS1483_17P-s10b | C47: D2F-D3 | E47: 1 | F47: 1.4007559 | G47: 2.0773405 | H47: 2.4164429 | I47: 5.7686606 | J47: 19.596897 | K47: 3.9190099 | L47: 0 | M47: 0 | N47: 2.5256059 | O47: 62.967194 | Q47: =F46+RAND()*0.1*F46*$AC47 -> 1.3384552 | R47: =G46+RAND()*0.1*G46*$AC47 -> 1.8992456 | S47: =H46+RAND()*0.1*H46*$AC47 -> 2.0590663 | T47: =I46+RAND()*0.1*I46*$AC47 -> 4.8056618 | U47: =J46+RAND()*0.1*J46*$AC47 -> 17.470342 | V47: =K46+RAND()*0.1*K46*$AC47 -> 3.4606953 | W47: =L46+RAND()*0.1*L46*$AC47 -> 0 | X47: =M46+RAND()*0.1*M46*$AC47 -> 0 | ... Z47: =O46+RAND()*0.1*O46*$AC47 -> 55.913442 | AB47: =RAND() -> 0.93899252 | AC47: =IF(AB47>0.5,-1,1) -> -1
A49: T9 | B49: =CellCount_Viability!A10 -> 46276 | F49: Maltoheptaose | G49: Maltohexaose | H49: Maltopentao se | I49: Maltotetraose | J49: Maltotriose | K49: Maltose | L49: Glucose | M49: Fructose | N49: Glycerol | O49: Ethanol
A50: MT01-MTT-260_CBS1483_17P-s10a | C50: D2F-A3 | E50: 1 | F50: 1.39 | G50: 1.98 | H50: 2.26 | I50: 5.28 | J50: 17.941 | K50: 3.4398 | L50: 0 | M50: 0 | N50: 2.575 | O50: 57.8784
A51: MT01-MTT-260_CBS1483_17P-s10b | C51: D2F-B3 | E51: 1 | F51: 1.3040107 | G51: 1.8458148 | H51: 2.1901874 | I51: 5.0420693 | J51: 16.626941 | K51: 3.3787045 | L51: 0 | M51: 0 | N51: 2.5278013 | O51: 55.60587 | Q51: =F50+RAND()*0.1*F50*$AC51 -> 1.4187683 | R51: =G50+RAND()*0.1*G50*$AC51 -> 2.0916368 | S51: =H50+RAND()*0.1*H50*$AC51 -> 2.395261 | T51: =I50+RAND()*0.1*I50*$AC51 -> 5.624963 | U51: =J50+RAND()*0.1*J50*$AC51 -> 17.996927 | V51: =K50+RAND()*0.1*K50*$AC51 -> 3.5789617 | W51: =L50+RAND()*0.1*L50*$AC51 -> 0 | X51: =M50+RAND()*0.1*M50*$AC51 -> 0 | ... Z51: =O50+RAND()*0.1*O50*$AC51 -> 59.133067 | AB51: =RAND() -> 0.39975619 | AC51: =IF(AB51>0.5,-1,1) -> 1
A52: MT02-MTT-260_CBS1483_17P-s10a | C52: D2F-C3 | E52: 1 | F52: 1.3640102 | G52: 1.8573576 | H52: 2.1105346 | I52: 5.2608265 | J52: 17.4497 | K52: 3.3849072 | L52: 0 | M52: 0 | N52: 2.5114235 | O52: 56.610064 | Q52: =F51+RAND()*0.1*F51*$AC52 -> 1.1755602 | R52: =G51+RAND()*0.1*G51*$AC52 -> 1.7812815 | S52: =H51+RAND()*0.1*H51*$AC52 -> 2.1236146 | T52: =I51+RAND()*0.1*I51*$AC52 -> 4.6031396 | U52: =J51+RAND()*0.1*J51*$AC52 -> 16.417792 | V52: =K51+RAND()*0.1*K51*$AC52 -> 3.2596338 | W52: =L51+RAND()*0.1*L51*$AC52 -> 0 | X52: =M51+RAND()*0.1*M51*$AC52 -> 0 | ... Z52: =O51+RAND()*0.1*O51*$AC52 -> 53.295466 | AB52: =RAND() -> 0.8143361 | AC52: =IF(AB52>0.5,-1,1) -> -1
A53: MT02-MTT-260_CBS1483_17P-s10b | C53: D2F-D3 | E53: 1 | F53: 1.4552985 | G53: 2.16073 | H53: 2.4800288 | I53: 5.6739894 | J53: 18.302159 | K53: 3.5900773 | L53: 0 | M53: 0 | N53: 2.5892501 | O53: 62.096406 | Q53: =F52+RAND()*0.1*F52*$AC53 -> 1.2858192 | R53: =G52+RAND()*0.1*G52*$AC53 -> 1.8422632 | S53: =H52+RAND()*0.1*H52*$AC53 -> 1.9722082 | T53: =I52+RAND()*0.1*I52*$AC53 -> 5.0630561 | U53: =J52+RAND()*0.1*J52*$AC53 -> 17.371103 | V53: =K52+RAND()*0.1*K52*$AC53 -> 3.0659874 | W53: =L52+RAND()*0.1*L52*$AC53 -> 0 | X53: =M52+RAND()*0.1*M52*$AC53 -> 0 | ... Z53: =O52+RAND()*0.1*O52*$AC53 -> 53.760286 | AB53: =RAND() -> 0.88514023 | AC53: =IF(AB53>0.5,-1,1) -> -1
A55: T10 | B55: =CellCount_Viability!A11 -> 46277 | F55: Maltoheptaose | G55: Maltohexaose | H55: Maltopentao se | I55: Maltotetraose | J55: Maltotriose | K55: Maltose | L55: Glucose | M55: Fructose | N55: Glycerol | O55: Ethanol
A56: MT01-MTT-260_CBS1483_17P-s10a | C56: D2F-A3 | E56: 1 | F56: 1.39 | G56: 1.98 | H56: 2.26 | I56: 5.28 | J56: 17.721 | K56: 3.3026 | L56: 0 | M56: 0 | N56: 2.5647 | O56: 57.7584
A57: MT01-MTT-260_CBS1483_17P-s10b | C57: D2F-B3 | E57: 1 | F57: 1.2943369 | G57: 1.8427629 | H57: 2.1013886 | I57: 5.0186913 | J57: 17.259204 | K57: 3.2650417 | L57: 0 | M57: 0 | N57: 2.4927336 | O57: 53.372694 | Q57: =F56+RAND()*0.1*F56*$AC57 -> 1.4060419 | R57: =G56+RAND()*0.1*G56*$AC57 -> 2.048464 | S57: =H56+RAND()*0.1*H56*$AC57 -> 2.4219736 | T57: =I56+RAND()*0.1*I56*$AC57 -> 5.6018741 | U57: =J56+RAND()*0.1*J56*$AC57 -> 18.826549 | V57: =K56+RAND()*0.1*K56*$AC57 -> 3.6282668 | W57: =L56+RAND()*0.1*L56*$AC57 -> 0 | X57: =M56+RAND()*0.1*M56*$AC57 -> 0 | ... Z57: =O56+RAND()*0.1*O56*$AC57 -> 61.174663 | AB57: =RAND() -> 0.39877183 | AC57: =IF(AB57>0.5,-1,1) -> 1
A58: MT02-MTT-260_CBS1483_17P-s10a | C58: D2F-C3 | E58: 1 | F58: 1.3017357 | G58: 1.9594597 | H58: 2.253141 | I58: 5.2329268 | J58: 17.371868 | K58: 3.114973 | L58: 0 | M58: 0 | N58: 2.524125 | O58: 52.357878 | Q58: =F57+RAND()*0.1*F57*$AC58 -> 1.4087855 | R58: =G57+RAND()*0.1*G57*$AC58 -> 1.9574948 | S58: =H57+RAND()*0.1*H57*$AC58 -> 2.2114346 | T58: =I57+RAND()*0.1*I57*$AC58 -> 5.1453811 | U58: =J57+RAND()*0.1*J57*$AC58 -> 17.629887 | V58: =K57+RAND()*0.1*K57*$AC58 -> 3.3412735 | W58: =L57+RAND()*0.1*L57*$AC58 -> 0 | X58: =M57+RAND()*0.1*M57*$AC58 -> 0 | ... Z58: =O57+RAND()*0.1*O57*$AC58 -> 56.748399 | AB58: =RAND() -> 0.447774 | AC58: =IF(AB58>0.5,-1,1) -> 1
A59: MT02-MTT-260_CBS1483_17P-s10b | C59: D2F-D3 | E59: 1 | F59: 1.4797174 | G59: 2.121484 | H59: 2.3654511 | I59: 5.5252757 | J59: 18.801409 | K59: 3.3331951 | L59: 0 | M59: 0 | N59: 2.7566837 | O59: 63.24426 | Q59: =F58+RAND()*0.1*F58*$AC59 -> 1.2263613 | R59: =G58+RAND()*0.1*G58*$AC59 -> 1.9379552 | S59: =H58+RAND()*0.1*H58*$AC59 -> 2.162392 | T59: =I58+RAND()*0.1*I58*$AC59 -> 5.225929 | U59: =J58+RAND()*0.1*J58*$AC59 -> 15.656164 | V59: =K58+RAND()*0.1*K58*$AC59 -> 3.049394 | W59: =L58+RAND()*0.1*L58*$AC59 -> 0 | X59: =M58+RAND()*0.1*M58*$AC59 -> 0 | ... Z59: =O58+RAND()*0.1*O58*$AC59 -> 47.811537 | AB59: =RAND() -> 0.50031932 | AC59: =IF(AB59>0.5,-1,1) -> -1
A61: T11 | B61: =CellCount_Viability!A12 -> 46278 | F61: Maltoheptaose | G61: Maltohexaose | H61: Maltopentao se | I61: Maltotetraose | J61: Maltotriose | K61: Maltose | L61: Glucose | M61: Fructose | N61: Glycerol | O61: Ethanol
A62: MT01-MTT-260_CBS1483_17P-s10a | C62: D2F-A3 | E62: 1 | F62: 1.39 | G62: 1.98 | H62: 2.26 | I62: 5.28 | J62: 17.479 | K62: 3.1997 | L62: 0 | M62: 0 | N62: 2.5338 | O62: 58.3536
A63: MT01-MTT-260_CBS1483_17P-s10b | C63: D2F-B3 | E63: 1 | F63: 1.4349854 | G63: 2.114391 | H63: 2.3041387 | I63: 5.3338343 | J63: 18.814299 | K63: 3.3596088 | L63: 0 | M63: 0 | N63: 2.6329942 | O63: 63.743408 | Q63: =F62+RAND()*0.1*F62*$AC63 -> 1.2566695 | R63: =G62+RAND()*0.1*G62*$AC63 -> 1.8418606 | S63: =H62+RAND()*0.1*H62*$AC63 -> 2.1794935 | T63: =I62+RAND()*0.1*I62*$AC63 -> 4.8361753 | U63: =J62+RAND()*0.1*J62*$AC63 -> 16.755645 | V63: =K62+RAND()*0.1*K62*$AC63 -> 3.1908215 | W63: =L62+RAND()*0.1*L62*$AC63 -> 0 | X63: =M62+RAND()*0.1*M62*$AC63 -> 0 | ... Z63: =O62+RAND()*0.1*O62*$AC63 -> 54.390153 | AB63: =RAND() -> 0.63897994 | AC63: =IF(AB63>0.5,-1,1) -> -1
A64: MT02-MTT-260_CBS1483_17P-s10a | C64: D2F-C3 | E64: 1 | F64: 1.3870421 | G64: 1.9011725 | H64: 2.0482494 | I64: 4.9990365 | J64: 17.10917 | K64: 3.0727929 | L64: 0 | M64: 0 | N64: 2.2943974 | O64: 52.624479 | Q64: =F63+RAND()*0.1*F63*$AC64 -> 1.4816982 | R64: =G63+RAND()*0.1*G63*$AC64 -> 2.1362008 | S64: =H63+RAND()*0.1*H63*$AC64 -> 2.4371714 | T64: =I63+RAND()*0.1*I63*$AC64 -> 5.4137497 | U64: =J63+RAND()*0.1*J63*$AC64 -> 20.177163 | V64: =K63+RAND()*0.1*K63*$AC64 -> 3.4179385 | W64: =L63+RAND()*0.1*L63*$AC64 -> 0 | X64: =M63+RAND()*0.1*M63*$AC64 -> 0 | ... Z64: =O63+RAND()*0.1*O63*$AC64 -> 69.474548 | AB64: =RAND() -> 0.24638437 | AC64: =IF(AB64>0.5,-1,1) -> 1
A65: MT02-MTT-260_CBS1483_17P-s10b | C65: D2F-D3 | E65: 1 | F65: 1.3763724 | G65: 1.8948871 | H65: 2.0725497 | I65: 5.08031 | J65: 17.362299 | K65: 3.0111061 | L65: 0 | M65: 0 | N65: 2.3356626 | O65: 52.69259 | Q65: =F64+RAND()*0.1*F64*$AC65 -> 1.525131 | R65: =G64+RAND()*0.1*G64*$AC65 -> 2.0746526 | S65: =H64+RAND()*0.1*H64*$AC65 -> 2.1122734 | T65: =I64+RAND()*0.1*I64*$AC65 -> 5.2480112 | U65: =J64+RAND()*0.1*J64*$AC65 -> 17.326488 | V65: =K64+RAND()*0.1*K64*$AC65 -> 3.3735869 | W65: =L64+RAND()*0.1*L64*$AC65 -> 0 | X65: =M64+RAND()*0.1*M64*$AC65 -> 0 | ... Z65: =O64+RAND()*0.1*O64*$AC65 -> 55.748244 | AB65: =RAND() -> 0.42546359 | AC65: =IF(AB65>0.5,-1,1) -> 1
A67: T12 | B67: =CellCount_Viability!A13 -> 0 | F67: Maltoheptaose | G67: Maltohexaose | H67: Maltopentao se | I67: Maltotetraose | J67: Maltotriose | K67: Maltose | L67: Glucose | M67: Fructose | N67: Glycerol | O67: Ethanol
A68: MT01-MTT-260_CBS1483_17P-s10a | C68: D2F-A3 | E68: 1 | F68: #N/A | G68: #N/A | H68: #N/A | I68: #N/A | J68: #N/A | K68: #N/A | L68: #N/A | M68: #N/A | N68: #N/A | O68: #N/A
A69: MT01-MTT-260_CBS1483_17P-s10b | C69: D2F-B3 | E69: 1 | F69: #N/A | G69: #N/A | H69: #N/A | I69: #N/A | J69: #N/A | K69: #N/A | L69: #N/A | M69: #N/A | N69: #N/A | O69: #N/A
A70: MT02-MTT-260_CBS1483_17P-s10a | C70: D2F-C3 | E70: 1 | F70: #N/A | G70: #N/A | H70: #N/A | I70: #N/A | J70: #N/A | K70: #N/A | L70: #N/A | M70: #N/A | N70: #N/A | O70: #N/A
A71: MT02-MTT-260_CBS1483_17P-s10b | C71: D2F-D3 | E71: 1 | F71: #N/A | G71: #N/A | H71: #N/A | I71: #N/A | J71: #N/A | K71: #N/A | L71: #N/A | M71: #N/A | N71: #N/A | O71: #N/A
A73: T13 | B73: =CellCount_Viability!A14 -> 0 | F73: Maltoheptaose | G73: Maltohexaose | H73: Maltopentao se | I73: Maltotetraose | J73: Maltotriose | K73: Maltose | L73: Glucose | M73: Fructose | N73: Glycerol | O73: Ethanol
A74: MT01-MTT-260_CBS1483_17P-s10a | C74: D2F-A3 | E74: 1 | F74: #N/A | G74: #N/A | H74: #N/A | I74: #N/A | J74: #N/A | K74: #N/A | L74: #N/A | M74: #N/A | N74: #N/A | O74: #N/A
A75: MT01-MTT-260_CBS1483_17P-s10b | C75: D2F-B3 | E75: 1 | F75: #N/A | G75: #N/A | H75: #N/A | I75: #N/A | J75: #N/A | K75: #N/A | L75: #N/A | M75: #N/A | N75: #N/A | O75: #N/A
A76: MT02-MTT-260_CBS1483_17P-s10a | C76: D2F-C3 | E76: 1 | F76: #N/A | G76: #N/A | H76: #N/A | I76: #N/A | J76: #N/A | K76: #N/A | L76: #N/A | M76: #N/A | N76: #N/A | O76: #N/A
A77: MT02-MTT-260_CBS1483_17P-s10b | C77: D2F-D3 | E77: 1 | F77: #N/A | G77: #N/A | H77: #N/A | I77: #N/A | J77: #N/A | K77: #N/A | L77: #N/A | M77: #N/A | N77: #N/A | O77: #N/A
A79: T14 | B79: =CellCount_Viability!A15 -> 0 | F79: Maltoheptaose | G79: Maltohexaose | H79: Maltopentao se | I79: Maltotetraose | J79: Maltotriose | K79: Maltose | L79: Glucose | M79: Fructose | N79: Glycerol | O79: Ethanol
A80: MT01-MTT-260_CBS1483_17P-s10a | C80: D2F-A3 | E80: 1 | F80: #N/A | G80: #N/A | H80: #N/A | I80: #N/A | J80: #N/A | K80: #N/A | L80: #N/A | M80: #N/A | N80: #N/A | O80: #N/A
A81: MT01-MTT-260_CBS1483_17P-s10b | C81: D2F-B3 | E81: 1 | F81: #N/A | G81: #N/A | H81: #N/A | I81: #N/A | J81: #N/A | K81: #N/A | L81: #N/A | M81: #N/A | N81: #N/A | O81: #N/A
A82: MT02-MTT-260_CBS1483_17P-s10a | C82: D2F-C3 | E82: 1 | F82: #N/A | G82: #N/A | H82: #N/A | I82: #N/A | J82: #N/A | K82: #N/A | L82: #N/A | M82: #N/A | N82: #N/A | O82: #N/A
A83: MT02-MTT-260_CBS1483_17P-s10b | C83: D2F-D3 | E83: 1 | F83: #N/A | G83: #N/A | H83: #N/A | I83: #N/A | J83: #N/A | K83: #N/A | L83: #N/A | M83: #N/A | N83: #N/A | O83: #N/A
A85: T15 | B85: =CellCount_Viability!A16 -> 0 | F85: Maltoheptaose | G85: Maltohexaose | H85: Maltopentao se | I85: Maltotetraose | J85: Maltotriose | K85: Maltose | L85: Glucose | M85: Fructose | N85: Glycerol | O85: Ethanol
A86: MT01-MTT-260_CBS1483_17P-s10a | C86: D2F-A3 | E86: 1 | F86: #N/A | G86: #N/A | H86: #N/A | I86: #N/A | J86: #N/A | K86: #N/A | L86: #N/A | M86: #N/A | N86: #N/A | O86: #N/A
A87: MT01-MTT-260_CBS1483_17P-s10b | C87: D2F-B3 | E87: 1 | F87: #N/A | G87: #N/A | H87: #N/A | I87: #N/A | J87: #N/A | K87: #N/A | L87: #N/A | M87: #N/A | N87: #N/A | O87: #N/A
A88: MT02-MTT-260_CBS1483_17P-s10a | C88: D2F-C3 | E88: 1 | F88: #N/A | G88: #N/A | H88: #N/A | I88: #N/A | J88: #N/A | K88: #N/A | L88: #N/A | M88: #N/A | N88: #N/A | O88: #N/A
A89: MT02-MTT-260_CBS1483_17P-s10b | C89: D2F-D3 | E89: 1 | F89: #N/A | G89: #N/A | H89: #N/A | I89: #N/A | J89: #N/A | K89: #N/A | L89: #N/A | M89: #N/A | N89: #N/A | O89: #N/A
A91: T16 | B91: =CellCount_Viability!A17 -> 0 | F91: Maltoheptaose | G91: Maltohexaose | H91: Maltopentao se | I91: Maltotetraose | J91: Maltotriose | K91: Maltose | L91: Glucose | M91: Fructose | N91: Glycerol | O91: Ethanol
A92: MT01-MTT-260_CBS1483_17P-s10a | C92: D2F-A3 | E92: 1 | F92: #N/A | G92: #N/A | H92: #N/A | I92: #N/A | J92: #N/A | K92: #N/A | L92: #N/A | M92: #N/A | N92: #N/A | O92: #N/A
A93: MT01-MTT-260_CBS1483_17P-s10b | C93: D2F-B3 | E93: 1 | F93: #N/A | G93: #N/A | H93: #N/A | I93: #N/A | J93: #N/A | K93: #N/A | L93: #N/A | M93: #N/A | N93: #N/A | O93: #N/A
A94: MT02-MTT-260_CBS1483_17P-s10a | C94: D2F-C3 | E94: 1 | F94: #N/A | G94: #N/A | H94: #N/A | I94: #N/A | J94: #N/A | K94: #N/A | L94: #N/A | M94: #N/A | N94: #N/A | O94: #N/A
A95: MT02-MTT-260_CBS1483_17P-s10b | C95: D2F-D3 | E95: 1 | F95: #N/A | G95: #N/A | H95: #N/A | I95: #N/A | J95: #N/A | K95: #N/A | L95: #N/A | M95: #N/A | N95: #N/A | O95: #N/A
A97: T17 | B97: =CellCount_Viability!A18 -> 0 | F97: Maltoheptaose | G97: Maltohexaose | H97: Maltopentao se | I97: Maltotetraose | J97: Maltotriose | K97: Maltose | L97: Glucose | M97: Fructose | N97: Glycerol | O97: Ethanol
A98: MT01-MTT-260_CBS1483_17P-s10a | C98: D2F-A3 | E98: 1 | F98: #N/A | G98: #N/A | H98: #N/A | I98: #N/A | J98: #N/A | K98: #N/A | L98: #N/A | M98: #N/A | N98: #N/A | O98: #N/A
A99: MT01-MTT-260_CBS1483_17P-s10b | C99: D2F-B3 | E99: 1 | F99: #N/A | G99: #N/A | H99: #N/A | I99: #N/A | J99: #N/A | K99: #N/A | L99: #N/A | M99: #N/A | N99: #N/A | O99: #N/A
A100: MT02-MTT-260_CBS1483_17P-s10a | C100: D2F-C3 | E100: 1 | F100: #N/A | G100: #N/A | H100: #N/A | I100: #N/A | J100: #N/A | K100: #N/A | L100: #N/A | M100: #N/A | N100: #N/A | O100: #N/A
A101: MT02-MTT-260_CBS1483_17P-s10b | C101: D2F-D3 | E101: 1 | F101: #N/A | G101: #N/A | H101: #N/A | I101: #N/A | J101: #N/A | K101: #N/A | L101: #N/A | M101: #N/A | N101: #N/A | O101: #N/A
A103: T18 | B103: =CellCount_Viability!A19 -> 0 | F103: Maltoheptaose | G103: Maltohexaose | H103: Maltopentao se | I103: Maltotetraose | J103: Maltotriose | K103: Maltose | L103: Glucose | M103: Fructose | N103: Glycerol | O103: Ethanol
A104: MT01-MTT-260_CBS1483_17P-s10a | C104: D2F-A3 | E104: 1 | F104: #N/A | G104: #N/A | H104: #N/A | I104: #N/A | J104: #N/A | K104: #N/A | L104: #N/A | M104: #N/A | N104: #N/A | O104: #N/A
A105: MT01-MTT-260_CBS1483_17P-s10b | C105: D2F-B3 | E105: 1 | F105: #N/A | G105: #N/A | H105: #N/A | I105: #N/A | J105: #N/A | K105: #N/A | L105: #N/A | M105: #N/A | N105: #N/A | O105: #N/A
A106: MT02-MTT-260_CBS1483_17P-s10a | C106: D2F-C3 | E106: 1 | F106: #N/A | G106: #N/A | H106: #N/A | I106: #N/A | J106: #N/A | K106: #N/A | L106: #N/A | M106: #N/A | N106: #N/A | O106: #N/A
A107: MT02-MTT-260_CBS1483_17P-s10b | C107: D2F-D3 | E107: 1 | F107: #N/A | G107: #N/A | H107: #N/A | I107: #N/A | J107: #N/A | K107: #N/A | L107: #N/A | M107: #N/A | N107: #N/A | O107: #N/A
A109: T19 | B109: =CellCount_Viability!A20 -> 0 | F109: Maltoheptaose | G109: Maltohexaose | H109: Maltopentao se | I109: Maltotetraose | J109: Maltotriose | K109: Maltose | L109: Glucose | M109: Fructose | N109: Glycerol | O109: Ethanol
A110: MT01-MTT-260_CBS1483_17P-s10a | C110: D2F-A3 | E110: 1 | F110: #N/A | G110: #N/A | H110: #N/A | I110: #N/A | J110: #N/A | K110: #N/A | L110: #N/A | M110: #N/A | N110: #N/A | O110: #N/A
A111: MT01-MTT-260_CBS1483_17P-s10b | C111: D2F-B3 | E111: 1 | F111: #N/A | G111: #N/A | H111: #N/A | I111: #N/A | J111: #N/A | K111: #N/A | L111: #N/A | M111: #N/A | N111: #N/A | O111: #N/A
A112: MT02-MTT-260_CBS1483_17P-s10a | C112: D2F-C3 | E112: 1 | F112: #N/A | G112: #N/A | H112: #N/A | I112: #N/A | J112: #N/A | K112: #N/A | L112: #N/A | M112: #N/A | N112: #N/A | O112: #N/A
A113: MT02-MTT-260_CBS1483_17P-s10b | C113: D2F-D3 | E113: 1 | F113: #N/A | G113: #N/A | H113: #N/A | I113: #N/A | J113: #N/A | K113: #N/A | L113: #N/A | M113: #N/A | N113: #N/A | O113: #N/A
A115: T20 | B115: =CellCount_Viability!A21 -> 0 | F115: Maltoheptaose | G115: Maltohexaose | H115: Maltopentao se | I115: Maltotetraose | J115: Maltotriose | K115: Maltose | L115: Glucose | M115: Fructose | N115: Glycerol | O115: Ethanol
A116: MT01-MTT-260_CBS1483_17P-s10a | C116: D2F-A3 | E116: 1 | F116: #N/A | G116: #N/A | H116: #N/A | I116: #N/A | J116: #N/A | K116: #N/A | L116: #N/A | M116: #N/A | N116: #N/A | O116: #N/A
A117: MT01-MTT-260_CBS1483_17P-s10b | C117: D2F-B3 | E117: 1 | F117: #N/A | G117: #N/A | H117: #N/A | I117: #N/A | J117: #N/A | K117: #N/A | L117: #N/A | M117: #N/A | N117: #N/A | O117: #N/A
A118: MT02-MTT-260_CBS1483_17P-s10a | C118: D2F-C3 | E118: 1 | F118: #N/A | G118: #N/A | H118: #N/A | I118: #N/A | J118: #N/A | K118: #N/A | L118: #N/A | M118: #N/A | N118: #N/A | O118: #N/A
A119: MT02-MTT-260_CBS1483_17P-s10b | C119: D2F-D3 | E119: 1 | F119: #N/A | G119: #N/A | H119: #N/A | I119: #N/A | J119: #N/A | K119: #N/A | L119: #N/A | M119: #N/A | N119: #N/A | O119: #N/A

Sheet GC_esters_raw
A1: T1 | B1: =CellCount_Viability!A2 -> 46268 | F1: Ethyl acetate | G1: Ethanol | H1: Isobutyl acetate | I1: Ethyl butyrate | J1: Isobutanol | K1: Isoamyl acetate | L1: Isoamyl alcohol | M1: Ethyl hexanoate | N1: Ethyl octanoate | O1: Ethyl decanoate
A2: MT01-MTT-260_CBS1483_17P-S2a | C2: 201 | E2: 1 | F2: 0 | G2: 0 | H2: 0 | I2: 0 | J2: 0.49 | K2: 0 | L2: 3.58 | M2: 0 | N2: 0 | O2: 0
A3: MT01-MTT-260_CBS1483_17P-S2b | C3: 202 | E3: 1 | F3: 0.14 | G3: 0 | H3: 0 | I3: 0 | J3: 0.48 | K3: 0 | L3: 3.46 | M3: 0 | N3: 0 | O3: 0
A4: MT02-MTT-260_CBS1483_17P-S2a | C4: 203 | E4: 1 | F4: 0 | G4: 0 | H4: 0 | I4: 0 | J4: 0.51 | K4: 0 | L4: 3.65 | M4: 0 | N4: 0 | O4: 0
A5: MT02-MTT-260_CBS1483_17P-S2b | C5: 204 | E5: 1 | F5: 0 | G5: 0 | H5: 0 | I5: 0 | J5: 0.47 | K5: 0 | L5: 3.64 | M5: 0 | N5: 0 | O5: 0
A7: T2 | B7: =CellCount_Viability!A3 -> 46269 | F7: Ethyl acetate | G7: Ethanol | H7: Isobutyl acetate | I7: Ethyl butyrate | J7: Isobutanol | K7: Isoamyl acetate | L7: Isoamyl alcohol | M7: Ethyl hexanoate | N7: Ethyl octanoate | O7: Ethyl decanoate
A8: MT01-MTT-260_CBS1483_17P-S2a | C8: 201 | E8: 1 | F8: 0.52 | G8: 0 | H8: 0 | I8: 0.13 | J8: 2.09 | K8: 0.05 | L8: 20.37 | M8: 0 | N8: 0 | O8: 0
A9: MT01-MTT-260_CBS1483_17P-S2b | C9: 202 | E9: 1 | F9: 0.49 | G9: 0 | H9: 0 | I9: 0.14 | J9: 2.24 | K9: 0.09 | L9: 21.61 | M9: 0 | N9: 0 | O9: 0
A10: MT02-MTT-260_CBS1483_17P-S2a | C10: 203 | E10: 1 | F10: 0.47 | G10: 0 | H10: 0 | I10: 0.13 | J10: 1.98 | K10: 0.06 | L10: 19.38 | M10: 0 | N10: 0 | O10: 0
A11: MT02-MTT-260_CBS1483_17P-S2b | C11: 204 | E11: 1 | F11: 0.47 | G11: 0 | H11: 0 | I11: 0.13 | J11: 1.98 | K11: 0.06 | L11: 19.38 | M11: 0 | N11: 0 | O11: 0
A13: T3 | B13: =CellCount_Viability!A4 -> 46270 | F13: Ethyl acetate | G13: Ethanol | H13: Isobutyl acetate | I13: Ethyl butyrate | J13: Isobutanol | K13: Isoamyl acetate | L13: Isoamyl alcohol | M13: Ethyl hexanoate | N13: Ethyl octanoate | O13: Ethyl decanoate
A14: MT01-MTT-260_CBS1483_17P-S2a | C14: 201 | E14: 1 | F14: 6.41 | G14: 0 | H14: 0.0434 | I14: 0.2416 | J14: 4.2972 | K14: 1.2962 | L14: 33.5884 | M14: 0.1736 | N14: 1.1718 | O14: 2.1297
A15: MT01-MTT-260_CBS1483_17P-S2b | C15: 202 | E15: 1 | F15: 6.6125 | G15: 0 | H15: 0.0465 | I15: 0.2578 | J15: 4.5681 | K15: 1.3579 | L15: 35.622 | M15: 0.1767 | N15: 1.116 | O15: 1.9127
A16: MT02-MTT-260_CBS1483_17P-S2a | C16: 203 | E16: 1 | F16: 5.6842 | G16: 0 | H16: 0.0372 | I16: 0.2354 | J16: 4.1345 | K16: 1.1512 | L16: 32.4217 | M16: 0.1643 | N16: 1.1811 | O16: 2.3746
A17: MT02-MTT-260_CBS1483_17P-S2b | C17: 204 | E17: 1 | F17: 5.8454 | G17: 0 | H17: 0.0372 | I17: 0.2416 | J17: 4.2213 | K17: 1.1791 | L17: 33.175 | M17: 0.1705 | N17: 1.1718 | O17: 2.4645
A19: T4 | B19: =CellCount_Viability!A5 -> 46271 | F19: Ethyl acetate | G19: Ethanol | H19: Isobutyl acetate | I19: Ethyl butyrate | J19: Isobutanol | K19: Isoamyl acetate | L19: Isoamyl alcohol | M19: Ethyl hexanoate | N19: Ethyl octanoate | O19: Ethyl decanoate
A20: MT01-MTT-260_CBS1483_17P-S2a | C20: 201 | E20: 1 | F20: 11.92 | G20: 0 | H20: 0.084 | I20: 0.346 | J20: 6.362 | K20: 2.462 | L20: 45.954 | M20: 0.336 | N20: 2.268 | O20: 4.122
A21: MT01-MTT-260_CBS1483_17P-S2b | C21: 202 | E21: 1 | F21: 12.34 | G21: 0 | H21: 0.09 | I21: 0.368 | J21: 6.746 | K21: 2.544 | L21: 48.73 | M21: 0.342 | N21: 2.16 | O21: 3.702
A22: MT02-MTT-260_CBS1483_17P-S2a | C22: 203 | E22: 1 | F22: 10.562 | G22: 0 | H22: 0.072 | I22: 0.334 | J22: 6.15 | K22: 2.172 | L22: 44.622 | M22: 0.318 | N22: 2.286 | O22: 4.596
A23: MT02-MTT-260_CBS1483_17P-S2b | C23: 204 | E23: 1 | F23: 10.874 | G23: 0 | H23: 0.072 | I23: 0.346 | J23: 6.318 | K23: 2.226 | L23: 46.08 | M23: 0.33 | N23: 2.268 | O23: 4.77
A25: T5 | B25: =CellCount_Viability!A6 -> 46272 | F25: Ethyl acetate | G25: Ethanol | H25: Isobutyl acetate | I25: Ethyl butyrate | J25: Isobutanol | K25: Isoamyl acetate | L25: Isoamyl alcohol | M25: Ethyl hexanoate | N25: Ethyl octanoate | O25: Ethyl decanoate
A26: MT01-MTT-260_CBS1483_17P-S5a | C26: D2F-A1 | E26: 1 | F26: 19.52 | G26: 0 | H26: 0.14 | I26: 0.49 | J26: 9.21 | K26: 4.07 | L26: 63.01 | M26: 0.56 | N26: 3.78 | O26: 6.87
A27: MT01-MTT-260_CBS1483_17P-S5b | C27: D2F-B1 | E27: 1 | F27: 20.24 | G27: 0 | H27: 0.15 | I27: 0.52 | J27: 9.75 | K27: 4.18 | L27: 66.81 | M27: 0.57 | N27: 3.6 | O27: 6.17
A28: MT02-MTT-260_CBS1483_17P-S5a | C28: D2F-C1 | E28: 1 | F28: 17.29 | G28: 0 | H28: 0.12 | I28: 0.47 | J28: 8.93 | K28: 3.58 | L28: 61.45 | M28: 0.53 | N28: 3.81 | O28: 7.66
A29: MT02-MTT-260_CBS1483_17P-S5b | C29: D2F-D1 | E29: 1 | F29: 17.81 | G29: 0 | H29: 0.12 | I29: 0.49 | J29: 9.21 | K29: 3.67 | L29: 63.88 | M29: 0.55 | N29: 3.78 | O29: 7.95
A31: T6 | B31: =CellCount_Viability!A7 -> 46273 | F31: Ethyl acetate | G31: Ethanol | H31: Isobutyl acetate | I31: Ethyl butyrate | J31: Isobutanol | K31: Isoamyl acetate | L31: Isoamyl alcohol | M31: Ethyl hexanoate | N31: Ethyl octanoate | O31: Ethyl decanoate
A32: MT01-MTT-260_CBS1483_17P-S6a | C32: D2F-A2 | E32: 1 | F32: 27.49 | G32: 0 | H32: 0.18 | I32: 0.59 | J32: 11.12 | K32: 5.31 | L32: 69.51 | M32: 0.75 | N32: 5.23 | O32: 10.49
A33: MT01-MTT-260_CBS1483_17P-S6b | C33: D2F-B2 | E33: 1 | F33: 27.5 | G33: 0 | H33: 0.18 | I33: 0.59 | J33: 11.22 | K33: 5.32 | L33: 70.06 | M33: 0.75 | N33: 5.31 | O33: 10.84
A34: MT02-MTT-260_CBS1483_17P-S6a | C34: D2F-C2 | E34: 1 | F34: 24.44 | G34: 0 | H34: 0.16 | I34: 0.55 | J34: 10.71 | K34: 4.73 | L34: 66.87 | M34: 0.71 | N34: 5.46 | O34: 12.63
A35: MT02-MTT-260_CBS1483_17P-S6b | C35: D2F-D2 | E35: 1 | F35: 24.38 | G35: 0 | H35: 0.16 | I35: 0.55 | J35: 10.71 | K35: 4.71 | L35: 66.86 | M35: 0.7 | N35: 5.37 | O35: 12.52
A37: T7 | B37: =CellCount_Viability!A8 -> 46274 | F37: Ethyl acetate | G37: Ethanol | H37: Isobutyl acetate | I37: Ethyl butyrate | J37: Isobutanol | K37: Isoamyl acetate | L37: Isoamyl alcohol | M37: Ethyl hexanoate | N37: Ethyl octanoate | O37: Ethyl decanoate
A38: MT01-MTT-260_CBS1483_17P-s10a | C38: D2F-A3 | E38: 1 | F38: 32.286 | G38: 0 | H38: 0.202 | I38: 0.6505 | J38: 12.0495 | K38: 5.9865 | L38: 71.974 | M38: 0.794 | N38: 6.33 | O38: 12.7835
A39: MT01-MTT-260_CBS1483_17P-s10b | C39: D2F-B3 | E39: 1 | F39: 32.3895 | G39: 0 | H39: 0.202 | I39: 0.6505 | J39: 12.1165 | K39: 5.991 | L39: 72.117 | M39: 0.7885 | N39: 6.2945 | O39: 12.93
A40: MT02-MTT-260_CBS1483_17P-s10a | C40: D2F-C3 | E40: 1 | F40: 29.2305 | G40: 0 | H40: 0.182 | I40: 0.616 | J40: 11.81 | K40: 5.412 | L40: 70.247 | M40: 0.7595 | N40: 6.5325 | O40: 14.7585
A41: MT02-MTT-260_CBS1483_17P-s10b | C41: D2F-D3 | E41: 1 | F41: 29.3795 | G41: 0 | H41: 0.182 | I41: 0.6215 | J41: 11.8925 | K41: 5.414 | L41: 70.6935 | M41: 0.7495 | N41: 6.217 | O41: 13.8015
A43: T8 | B43: =CellCount_Viability!A9 -> 46275 | F43: Ethyl acetate | G43: Ethanol | H43: Isobutyl acetate | I43: Ethyl butyrate | J43: Isobutanol | K43: Isoamyl acetate | L43: Isoamyl alcohol | M43: Ethyl hexanoate | N43: Ethyl octanoate | O43: Ethyl decanoate
A44: MT01-MTT-260_CBS1483_17P-s10a | C44: D2F-A3 | E44: 1 | F44: 36.21 | G44: 0 | H44: 0.22 | I44: 0.7 | J44: 12.81 | K44: 6.54 | L44: 73.99 | M44: 0.83 | N44: 7.23 | O44: 14.66
A45: MT01-MTT-260_CBS1483_17P-s10b | C45: D2F-B3 | E45: 1 | F45: 36.39 | G45: 0 | H45: 0.22 | I45: 0.7 | J45: 12.85 | K45: 6.54 | L45: 73.8 | M45: 0.82 | N45: 7.1 | O45: 14.64
A46: MT02-MTT-260_CBS1483_17P-s10a | C46: D2F-C3 | E46: 1 | F46: 33.15 | G46: 0 | H46: 0.2 | I46: 0.67 | J46: 12.71 | K46: 5.97 | L46: 73.01 | M46: 0.8 | N46: 7.41 | O46: 16.5
A47: MT02-MTT-260_CBS1483_17P-s10b | C47: D2F-D3 | E47: 1 | F47: 33.47 | G47: 0 | H47: 0.2 | I47: 0.68 | J47: 12.86 | K47: 5.99 | L47: 73.83 | M47: 0.79 | N47: 6.91 | O47: 14.85
A49: T9 | B49: =CellCount_Viability!A10 -> 46276 | F49: Ethyl acetate | G49: Ethanol | H49: Isobutyl acetate | I49: Ethyl butyrate | J49: Isobutanol | K49: Isoamyl acetate | L49: Isoamyl alcohol | M49: Ethyl hexanoate | N49: Ethyl octanoate | O49: Ethyl decanoate
A50: MT01-MTT-260_CBS1483_17P-s10a | C50: D2F-A3 | E50: 1 | F50: 37.2985 | G50: 0 | H50: 0.22 | I50: 0.7035 | J50: 12.852 | K50: 6.5715 | L50: 73.745 | M50: 0.809 | N50: 7.258 | O50: 14.9295
A51: MT01-MTT-260_CBS1483_17P-s10b | C51: D2F-B3 | E51: 1 | F51: 37.734 | G51: 0 | H51: 0.2235 | I51: 0.707 | J51: 13.018 | K51: 6.6205 | L51: 74.5 | M51: 0.806 | N51: 7.2225 | O51: 15.1125
A52: MT02-MTT-260_CBS1483_17P-s10a | C52: D2F-C3 | E52: 1 | F52: 34.641 | G52: 0 | H52: 0.2035 | I52: 0.684 | J52: 12.9515 | K52: 6.0785 | L52: 73.962 | M52: 0.793 | N52: 7.5325 | O52: 17.137
A53: MT02-MTT-260_CBS1483_17P-s10b | C53: D2F-D3 | E53: 1 | F53: 34.4675 | G53: 0 | H53: 0.2 | I53: 0.6835 | J53: 12.8565 | K53: 6.025 | L53: 73.4275 | M53: 0.776 | N53: 7.1585 | O53: 16.0505
A55: T10 | B55: =CellCount_Viability!A11 -> 46277 | F55: Ethyl acetate | G55: Ethanol | H55: Isobutyl acetate | I55: Ethyl butyrate | J55: Isobutanol | K55: Isoamyl acetate | L55: Isoamyl alcohol | M55: Ethyl hexanoate | N55: Ethyl octanoate | O55: Ethyl decanoate
A56: MT01-MTT-260_CBS1483_17P-s10a | C56: D2F-A3 | E56: 1 | F56: 38.387 | G56: 0 | H56: 0.22 | I56: 0.707 | J56: 12.894 | K56: 6.603 | L56: 73.5 | M56: 0.788 | N56: 7.286 | O56: 15.199
A57: MT01-MTT-260_CBS1483_17P-s10b | C57: D2F-B3 | E57: 1 | F57: 39.078 | G57: 0 | H57: 0.227 | I57: 0.714 | J57: 13.186 | K57: 6.701 | L57: 75.2 | M57: 0.792 | N57: 7.345 | O57: 15.585
A58: MT02-MTT-260_CBS1483_17P-s10a | C58: D2F-C3 | E58: 1 | F58: 36.132 | G58: 0 | H58: 0.207 | I58: 0.698 | J58: 13.193 | K58: 6.187 | L58: 74.914 | M58: 0.786 | N58: 7.655 | O58: 17.774
A59: MT02-MTT-260_CBS1483_17P-s10b | C59: D2F-D3 | E59: 1 | F59: 35.465 | G59: 0 | H59: 0.2 | I59: 0.687 | J59: 12.853 | K59: 6.06 | L59: 73.025 | M59: 0.762 | N59: 7.407 | O59: 17.251
A61: T11 | B61: =CellCount_Viability!A12 -> 46278 | F61: Ethyl acetate | G61: Ethanol | H61: Isobutyl acetate | I61: Ethyl butyrate | J61: Isobutanol | K61: Isoamyl acetate | L61: Isoamyl alcohol | M61: Ethyl hexanoate | N61: Ethyl octanoate | O61: Ethyl decanoate
A62: MT01-MTT-260_CBS1483_17P-s10a | C62: D2F-A3 | E62: 1 | F62: 39.32 | G62: 0 | H62: 0.22 | I62: 0.71 | J62: 12.93 | K62: 6.63 | L62: 73.29 | M62: 0.77 | N62: 7.31 | O62: 15.43
A63: MT01-MTT-260_CBS1483_17P-s10b | C63: D2F-B3 | E63: 1 | F63: 40.23 | G63: 0 | H63: 0.23 | I63: 0.72 | J63: 13.33 | K63: 6.77 | L63: 75.8 | M63: 0.78 | N63: 7.45 | O63: 15.99
A64: MT02-MTT-260_CBS1483_17P-s10a | C64: D2F-C3 | E64: 1 | F64: 37.41 | G64: 0 | H64: 0.21 | I64: 0.71 | J64: 13.4 | K64: 6.28 | L64: 75.73 | M64: 0.78 | N64: 7.76 | O64: 18.32
A65: MT02-MTT-260_CBS1483_17P-s10b | C65: D2F-D3 | E65: 1 | F65: 36.32 | G65: 0 | H65: 0.2 | I65: 0.69 | J65: 12.85 | K65: 6.09 | L65: 72.68 | M65: 0.75 | N65: 7.62 | O65: 18.28
A67: T12 | B67: =CellCount_Viability!A13 -> 0 | F67: Ethyl acetate | G67: Ethanol | H67: Isobutyl acetate | I67: Ethyl butyrate | J67: Isobutanol | K67: Isoamyl acetate | L67: Isoamyl alcohol | M67: Ethyl hexanoate | N67: Ethyl octanoate | O67: Ethyl decanoate
A68: MT01-MTT-260_CBS1483_17P-s10a | C68: D2F-A3 | E68: 1 | F68: #N/A | G68: #N/A | H68: #N/A | I68: #N/A | J68: #N/A | K68: #N/A | L68: #N/A | M68: #N/A | N68: #N/A | O68: #N/A
A69: MT01-MTT-260_CBS1483_17P-s10b | C69: D2F-B3 | E69: 1 | F69: #N/A | G69: #N/A | H69: #N/A | I69: #N/A | J69: #N/A | K69: #N/A | L69: #N/A | M69: #N/A | N69: #N/A | O69: #N/A
A70: MT02-MTT-260_CBS1483_17P-s10a | C70: D2F-C3 | E70: 1 | F70: #N/A | G70: #N/A | H70: #N/A | I70: #N/A | J70: #N/A | K70: #N/A | L70: #N/A | M70: #N/A | N70: #N/A | O70: #N/A
A71: MT02-MTT-260_CBS1483_17P-s10b | C71: D2F-D3 | E71: 1 | F71: #N/A | G71: #N/A | H71: #N/A | I71: #N/A | J71: #N/A | K71: #N/A | L71: #N/A | M71: #N/A | N71: #N/A | O71: #N/A
A73: T13 | B73: =CellCount_Viability!A14 -> 0 | F73: Ethyl acetate | G73: Ethanol | H73: Isobutyl acetate | I73: Ethyl butyrate | J73: Isobutanol | K73: Isoamyl acetate | L73: Isoamyl alcohol | M73: Ethyl hexanoate | N73: Ethyl octanoate | O73: Ethyl decanoate
A74: MT01-MTT-260_CBS1483_17P-s10a | C74: D2F-A3 | E74: 1 | F74: #N/A | G74: #N/A | H74: #N/A | I74: #N/A | J74: #N/A | K74: #N/A | L74: #N/A | M74: #N/A | N74: #N/A | O74: #N/A
A75: MT01-MTT-260_CBS1483_17P-s10b | C75: D2F-B3 | E75: 1 | F75: #N/A | G75: #N/A | H75: #N/A | I75: #N/A | J75: #N/A | K75: #N/A | L75: #N/A | M75: #N/A | N75: #N/A | O75: #N/A
A76: MT02-MTT-260_CBS1483_17P-s10a | C76: D2F-C3 | E76: 1 | F76: #N/A | G76: #N/A | H76: #N/A | I76: #N/A | J76: #N/A | K76: #N/A | L76: #N/A | M76: #N/A | N76: #N/A | O76: #N/A
A77: MT02-MTT-260_CBS1483_17P-s10b | C77: D2F-D3 | E77: 1 | F77: #N/A | G77: #N/A | H77: #N/A | I77: #N/A | J77: #N/A | K77: #N/A | L77: #N/A | M77: #N/A | N77: #N/A | O77: #N/A
A79: T14 | B79: =CellCount_Viability!A15 -> 0 | F79: Ethyl acetate | G79: Ethanol | H79: Isobutyl acetate | I79: Ethyl butyrate | J79: Isobutanol | K79: Isoamyl acetate | L79: Isoamyl alcohol | M79: Ethyl hexanoate | N79: Ethyl octanoate | O79: Ethyl decanoate
A80: MT01-MTT-260_CBS1483_17P-s10a | C80: D2F-A3 | E80: 1 | F80: #N/A | G80: #N/A | H80: #N/A | I80: #N/A | J80: #N/A | K80: #N/A | L80: #N/A | M80: #N/A | N80: #N/A | O80: #N/A
A81: MT01-MTT-260_CBS1483_17P-s10b | C81: D2F-B3 | E81: 1 | F81: #N/A | G81: #N/A | H81: #N/A | I81: #N/A | J81: #N/A | K81: #N/A | L81: #N/A | M81: #N/A | N81: #N/A | O81: #N/A
A82: MT02-MTT-260_CBS1483_17P-s10a | C82: D2F-C3 | E82: 1 | F82: #N/A | G82: #N/A | H82: #N/A | I82: #N/A | J82: #N/A | K82: #N/A | L82: #N/A | M82: #N/A | N82: #N/A | O82: #N/A
A83: MT02-MTT-260_CBS1483_17P-s10b | C83: D2F-D3 | E83: 1 | F83: #N/A | G83: #N/A | H83: #N/A | I83: #N/A | J83: #N/A | K83: #N/A | L83: #N/A | M83: #N/A | N83: #N/A | O83: #N/A
A85: T15 | B85: =CellCount_Viability!A16 -> 0 | F85: Ethyl acetate | G85: Ethanol | H85: Isobutyl acetate | I85: Ethyl butyrate | J85: Isobutanol | K85: Isoamyl acetate | L85: Isoamyl alcohol | M85: Ethyl hexanoate | N85: Ethyl octanoate | O85: Ethyl decanoate
A86: MT01-MTT-260_CBS1483_17P-s10a | C86: D2F-A3 | E86: 1 | F86: #N/A | G86: #N/A | H86: #N/A | I86: #N/A | J86: #N/A | K86: #N/A | L86: #N/A | M86: #N/A | N86: #N/A | O86: #N/A
A87: MT01-MTT-260_CBS1483_17P-s10b | C87: D2F-B3 | E87: 1 | F87: #N/A | G87: #N/A | H87: #N/A | I87: #N/A | J87: #N/A | K87: #N/A | L87: #N/A | M87: #N/A | N87: #N/A | O87: #N/A
A88: MT02-MTT-260_CBS1483_17P-s10a | C88: D2F-C3 | E88: 1 | F88: #N/A | G88: #N/A | H88: #N/A | I88: #N/A | J88: #N/A | K88: #N/A | L88: #N/A | M88: #N/A | N88: #N/A | O88: #N/A
A89: MT02-MTT-260_CBS1483_17P-s10b | C89: D2F-D3 | E89: 1 | F89: #N/A | G89: #N/A | H89: #N/A | I89: #N/A | J89: #N/A | K89: #N/A | L89: #N/A | M89: #N/A | N89: #N/A | O89: #N/A
A91: T16 | B91: =CellCount_Viability!A17 -> 0 | F91: Ethyl acetate | G91: Ethanol | H91: Isobutyl acetate | I91: Ethyl butyrate | J91: Isobutanol | K91: Isoamyl acetate | L91: Isoamyl alcohol | M91: Ethyl hexanoate | N91: Ethyl octanoate | O91: Ethyl decanoate
A92: MT01-MTT-260_CBS1483_17P-s10a | C92: D2F-A3 | E92: 1 | F92: #N/A | G92: #N/A | H92: #N/A | I92: #N/A | J92: #N/A | K92: #N/A | L92: #N/A | M92: #N/A | N92: #N/A | O92: #N/A
A93: MT01-MTT-260_CBS1483_17P-s10b | C93: D2F-B3 | E93: 1 | F93: #N/A | G93: #N/A | H93: #N/A | I93: #N/A | J93: #N/A | K93: #N/A | L93: #N/A | M93: #N/A | N93: #N/A | O93: #N/A
A94: MT02-MTT-260_CBS1483_17P-s10a | C94: D2F-C3 | E94: 1 | F94: #N/A | G94: #N/A | H94: #N/A | I94: #N/A | J94: #N/A | K94: #N/A | L94: #N/A | M94: #N/A | N94: #N/A | O94: #N/A
A95: MT02-MTT-260_CBS1483_17P-s10b | C95: D2F-D3 | E95: 1 | F95: #N/A | G95: #N/A | H95: #N/A | I95: #N/A | J95: #N/A | K95: #N/A | L95: #N/A | M95: #N/A | N95: #N/A | O95: #N/A
A97: T17 | B97: =CellCount_Viability!A18 -> 0 | F97: Ethyl acetate | G97: Ethanol | H97: Isobutyl acetate | I97: Ethyl butyrate | J97: Isobutanol | K97: Isoamyl acetate | L97: Isoamyl alcohol | M97: Ethyl hexanoate | N97: Ethyl octanoate | O97: Ethyl decanoate
A98: MT01-MTT-260_CBS1483_17P-s10a | C98: D2F-A3 | E98: 1 | F98: #N/A | G98: #N/A | H98: #N/A | I98: #N/A | J98: #N/A | K98: #N/A | L98: #N/A | M98: #N/A | N98: #N/A | O98: #N/A
A99: MT01-MTT-260_CBS1483_17P-s10b | C99: D2F-B3 | E99: 1 | F99: #N/A | G99: #N/A | H99: #N/A | I99: #N/A | J99: #N/A | K99: #N/A | L99: #N/A | M99: #N/A | N99: #N/A | O99: #N/A
A100: MT02-MTT-260_CBS1483_17P-s10a | C100: D2F-C3 | E100: 1 | F100: #N/A | G100: #N/A | H100: #N/A | I100: #N/A | J100: #N/A | K100: #N/A | L100: #N/A | M100: #N/A | N100: #N/A | O100: #N/A
A101: MT02-MTT-260_CBS1483_17P-s10b | C101: D2F-D3 | E101: 1 | F101: #N/A | G101: #N/A | H101: #N/A | I101: #N/A | J101: #N/A | K101: #N/A | L101: #N/A | M101: #N/A | N101: #N/A | O101: #N/A
A103: T18 | B103: =CellCount_Viability!A19 -> 0 | F103: Ethyl acetate | G103: Ethanol | H103: Isobutyl acetate | I103: Ethyl butyrate | J103: Isobutanol | K103: Isoamyl acetate | L103: Isoamyl alcohol | M103: Ethyl hexanoate | N103: Ethyl octanoate | O103: Ethyl decanoate
A104: MT01-MTT-260_CBS1483_17P-s10a | C104: D2F-A3 | E104: 1 | F104: #N/A | G104: #N/A | H104: #N/A | I104: #N/A | J104: #N/A | K104: #N/A | L104: #N/A | M104: #N/A | N104: #N/A | O104: #N/A
A105: MT01-MTT-260_CBS1483_17P-s10b | C105: D2F-B3 | E105: 1 | F105: #N/A | G105: #N/A | H105: #N/A | I105: #N/A | J105: #N/A | K105: #N/A | L105: #N/A | M105: #N/A | N105: #N/A | O105: #N/A
A106: MT02-MTT-260_CBS1483_17P-s10a | C106: D2F-C3 | E106: 1 | F106: #N/A | G106: #N/A | H106: #N/A | I106: #N/A | J106: #N/A | K106: #N/A | L106: #N/A | M106: #N/A | N106: #N/A | O106: #N/A
A107: MT02-MTT-260_CBS1483_17P-s10b | C107: D2F-D3 | E107: 1 | F107: #N/A | G107: #N/A | H107: #N/A | I107: #N/A | J107: #N/A | K107: #N/A | L107: #N/A | M107: #N/A | N107: #N/A | O107: #N/A
A109: T19 | B109: =CellCount_Viability!A20 -> 0 | F109: Ethyl acetate | G109: Ethanol | H109: Isobutyl acetate | I109: Ethyl butyrate | J109: Isobutanol | K109: Isoamyl acetate | L109: Isoamyl alcohol | M109: Ethyl hexanoate | N109: Ethyl octanoate | O109: Ethyl decanoate
A110: MT01-MTT-260_CBS1483_17P-s10a | C110: D2F-A3 | E110: 1 | F110: #N/A | G110: #N/A | H110: #N/A | I110: #N/A | J110: #N/A | K110: #N/A | L110: #N/A | M110: #N/A | N110: #N/A | O110: #N/A
A111: MT01-MTT-260_CBS1483_17P-s10b | C111: D2F-B3 | E111: 1 | F111: #N/A | G111: #N/A | H111: #N/A | I111: #N/A | J111: #N/A | K111: #N/A | L111: #N/A | M111: #N/A | N111: #N/A | O111: #N/A
A112: MT02-MTT-260_CBS1483_17P-s10a | C112: D2F-C3 | E112: 1 | F112: #N/A | G112: #N/A | H112: #N/A | I112: #N/A | J112: #N/A | K112: #N/A | L112: #N/A | M112: #N/A | N112: #N/A | O112: #N/A
A113: MT02-MTT-260_CBS1483_17P-s10b | C113: D2F-D3 | E113: 1 | F113: #N/A | G113: #N/A | H113: #N/A | I113: #N/A | J113: #N/A | K113: #N/A | L113: #N/A | M113: #N/A | N113: #N/A | O113: #N/A
A115: T20 | B115: =CellCount_Viability!A21 -> 0 | F115: Ethyl acetate | G115: Ethanol | H115: Isobutyl acetate | I115: Ethyl butyrate | J115: Isobutanol | K115: Isoamyl acetate | L115: Isoamyl alcohol | M115: Ethyl hexanoate | N115: Ethyl octanoate | O115: Ethyl decanoate
A116: MT01-MTT-260_CBS1483_17P-s10a | C116: D2F-A3 | E116: 1 | F116: #N/A | G116: #N/A | H116: #N/A | I116: #N/A | J116: #N/A | K116: #N/A | L116: #N/A | M116: #N/A | N116: #N/A | O116: #N/A
A117: MT01-MTT-260_CBS1483_17P-s10b | C117: D2F-B3 | E117: 1 | F117: #N/A | G117: #N/A | H117: #N/A | I117: #N/A | J117: #N/A | K117: #N/A | L117: #N/A | M117: #N/A | N117: #N/A | O117: #N/A
A118: MT02-MTT-260_CBS1483_17P-s10a | C118: D2F-C3 | E118: 1 | F118: #N/A | G118: #N/A | H118: #N/A | I118: #N/A | J118: #N/A | K118: #N/A | L118: #N/A | M118: #N/A | N118: #N/A | O118: #N/A
A119: MT02-MTT-260_CBS1483_17P-s10b | C119: D2F-D3 | E119: 1 | F119: #N/A | G119: #N/A | H119: #N/A | I119: #N/A | J119: #N/A | K119: #N/A | L119: #N/A | M119: #N/A | N119: #N/A | O119: #N/A

Sheet GC_ketones_raw
A1: T1 | B1: =CellCount_Viability!A2 -> 46268 | F1: 2,3-diacetyl | G1: 2,3- pentadione
A2: MT01-MTT-260_CBS1483_17P-s10a | C2: 209 | E2: 1 | F2: 112.435 | G2: 24.69
A3: MT01-MTT-260_CBS1483_17P-s10b | C3: 210 | E3: 1 | F3: 112.435 | G3: 24.69
A4: MT02-MTT-260_CBS1483_17P-s10a | C4: 211 | E4: 1 | F4: 105.03 | G4: 24.5
A5: MT02-MTT-260_CBS1483_17P-s10b | C5: 212 | E5: 1 | F5: 105.03 | G5: 24.5
A7: T2 | B7: =CellCount_Viability!A3 -> 46269 | F7: 2,3-diacetyl | G7: 2,3- pentadione
A8: MT01-MTT-260_CBS1483_17P-S2a | C8: 209 | E8: 1 | F8: 641.48 | G8: 379.37
A9: MT01-MTT-260_CBS1483_17P-S2b | C9: 210 | E9: 1 | F9: 611.17 | G9: 389.17
A10: MT02-MTT-260_CBS1483_17P-S2a | C10: 211 | E10: 1 | F10: 632.63 | G10: 370.91
A11: MT02-MTT-260_CBS1483_17P-S2b | C11: 212 | E11: 1 | F11: 611 | G11: 364.01
A13: T3 | B13: =CellCount_Viability!A4 -> 46270 | F13: 2,3-diacetyl | G13: 2,3- pentadione
A14: MT01-MTT-260_CBS1483_17P-s10a | C14: 209 | E14: 1 | F14: 695 | G14: 412
A15: MT01-MTT-260_CBS1483_17P-s10b | C15: 210 | E15: 1 | F15: 700 | G15: 491
A16: MT02-MTT-260_CBS1483_17P-s10a | C16: 211 | E16: 1 | F16: 685 | G16: 501
A17: MT02-MTT-260_CBS1483_17P-s10b | C17: 212 | E17: 1 | F17: 690 | G17: 473
A19: T4 | B19: =CellCount_Viability!A5 -> 46271 | F19: 2,3-diacetyl | G19: 2,3- pentadione
A20: MT01-MTT-260_CBS1483_17P-S3a | C20: 109 | E20: 1 | F20: 725 | G20: 596.43
A21: MT01-MTT-260_CBS1483_17P-S3b | C21: 110 | E21: 1 | F21: 695 | G21: 647.73
A22: MT02-MTT-260_CBS1483_17P-S3a | C22: 111 | E22: 1 | F22: 529 | G22: 569.36
A23: MT02-MTT-260_CBS1483_17P-S3b | C23: 112 | E23: 1 | F23: 681 | G23: 571.99
A25: T5 | B25: =CellCount_Viability!A6 -> 46272 | F25: 2,3-diacetyl | G25: 2,3- pentadione
A26: MT01-MTT-260_CBS1483_17P-S4a | C26: 309 | E26: 1 | F26: 955.82 | G26: 769.54
A27: MT01-MTT-260_CBS1483_17P-S4b | C27: 310 | E27: 1 | F27: 1097.44 | G27: 832.57
A28: MT02-MTT-260_CBS1483_17P-S4a | C28: 311 | E28: 1 | F28: 642.54 | G28: 740.05
A29: MT02-MTT-260_CBS1483_17P-S4b | C29: 312 | E29: 1 | F29: 999.54 | G29: 738.31
A31: T6 | B31: =CellCount_Viability!A7 -> 46273 | F31: 2,3-diacetyl | G31: 2,3- pentadione
A32: MT01-MTT-260_CBS1483_17P-S5a | C32: 109 | E32: 1 | F32: 583.73 | G32: 765.74
A33: MT01-MTT-260_CBS1483_17P-S5b | C33: 110 | E33: 1 | F33: 620.36 | G33: 784.01
A34: MT02-MTT-260_CBS1483_17P-S5a | C34: 111 | E34: 1 | F34: 584.95 | G34: 857.09
A35: MT02-MTT-260_CBS1483_17P-S5b | C35: 112 | E35: 1 | F35: 594.7 | G35: 860.22
A37: T7 | B37: =CellCount_Viability!A8 -> 46274 | F37: 2,3-diacetyl | G37: 2,3- pentadione
A38: MT01-MTT-260_CBS1483_17P-s10a | C38: D2F-A3 | E38: 1 | F38: 466.43 | G38: 528.45
A39: MT01-MTT-260_CBS1483_17P-s10b | C39: D2F-B3 | E39: 1 | F39: 427.205 | G39: 549.915
A40: MT02-MTT-260_CBS1483_17P-s10a | C40: D2F-C3 | E40: 1 | F40: 403.905 | G40: 593.98
A41: MT02-MTT-260_CBS1483_17P-s10b | C41: D2F-D3 | E41: 1 | F41: 417.265 | G41: 596.8
A43: T8 | B43: =CellCount_Viability!A9 -> 46275 | F43: Maltoheptaose | G43: Maltohexaose
A44: MT01-MTT-260_CBS1483_17P-s10a | C44: D2F-A3 | E44: 1 | F44: 419.51 | G44: 433.534
A45: MT01-MTT-260_CBS1483_17P-s10b | C45: D2F-B3 | E45: 1 | F45: 349.943 | G45: 456.277
A46: MT02-MTT-260_CBS1483_17P-s10a | C46: D2F-C3 | E46: 1 | F46: 331.487 | G46: 488.736
A47: MT02-MTT-260_CBS1483_17P-s10b | C47: D2F-D3 | E47: 1 | F47: 346.291 | G47: 491.432
A49: T9 | B49: =CellCount_Viability!A10 -> 46276 | F49: Maltoheptaose | G49: Maltohexaose
A50: MT01-MTT-260_CBS1483_17P-S6a | C50: 209 | E50: 1 | F50: 349.13 | G50: 291.16
A51: MT01-MTT-260_CBS1483_17P-S6b | C51: 210 | E51: 1 | F51: 234.05 | G51: 315.82
A52: MT02-MTT-260_CBS1483_17P-S6a | C52: 211 | E52: 1 | F52: 222.86 | G52: 330.87
A53: MT02-MTT-260_CBS1483_17P-S6b | C53: 212 | E53: 1 | F53: 239.83 | G53: 333.38
A55: T10 | B55: =CellCount_Viability!A11 -> 46277 | F55: Maltoheptaose | G55: Maltohexaose
A56: MT01-MTT-260_CBS1483_17P-s10a | C56: D2F-A3 | E56: 1 | F56: 91 | G56: 104
A57: MT01-MTT-260_CBS1483_17P-s10b | C57: D2F-B3 | E57: 1 | F57: 105 | G57: 98
A58: MT02-MTT-260_CBS1483_17P-s10a | C58: D2F-C3 | E58: 1 | F58: 99 | G58: 78
A59: MT02-MTT-260_CBS1483_17P-s10b | C59: D2F-D3 | E59: 1 | F59: 85 | G59: 101
A61: T11 | B61: =CellCount_Viability!A12 -> 46278 | F61: Maltoheptaose | G61: Maltohexaose
A62: MT01-MTT-260_CBS1483_17P-s10a | C62: D2F-A3 | E62: 1 | F62: 81 | G62: 55
A63: MT01-MTT-260_CBS1483_17P-s10b | C63: D2F-B3 | E63: 1 | F63: 76 | G63: 60
A64: MT02-MTT-260_CBS1483_17P-s10a | C64: D2F-C3 | E64: 1 | F64: 68 | G64: 53
A65: MT02-MTT-260_CBS1483_17P-s10b | C65: D2F-D3 | E65: 1 | F65: 71 | G65: 57
A67: T12 | B67: =CellCount_Viability!A13 -> 0 | F67: Maltoheptaose | G67: Maltohexaose
A68: MT01-MTT-260_CBS1483_17P-s10a | C68: D2F-A3 | E68: 1 | F68: #N/A | G68: #N/A
A69: MT01-MTT-260_CBS1483_17P-s10b | C69: D2F-B3 | E69: 1 | F69: #N/A | G69: #N/A
A70: MT02-MTT-260_CBS1483_17P-s10a | C70: D2F-C3 | E70: 1 | F70: #N/A | G70: #N/A
A71: MT02-MTT-260_CBS1483_17P-s10b | C71: D2F-D3 | E71: 1 | F71: #N/A | G71: #N/A
A73: T13 | B73: =CellCount_Viability!A14 -> 0 | F73: Maltoheptaose | G73: Maltohexaose
A74: MT01-MTT-260_CBS1483_17P-s10a | C74: D2F-A3 | E74: 1 | F74: #N/A | G74: #N/A
A75: MT01-MTT-260_CBS1483_17P-s10b | C75: D2F-B3 | E75: 1 | F75: #N/A | G75: #N/A
A76: MT02-MTT-260_CBS1483_17P-s10a | C76: D2F-C3 | E76: 1 | F76: #N/A | G76: #N/A
A77: MT02-MTT-260_CBS1483_17P-s10b | C77: D2F-D3 | E77: 1 | F77: #N/A | G77: #N/A
A79: T14 | B79: =CellCount_Viability!A15 -> 0 | F79: Maltoheptaose | G79: Maltohexaose
A80: MT01-MTT-260_CBS1483_17P-s10a | C80: D2F-A3 | E80: 1 | F80: #N/A | G80: #N/A
A81: MT01-MTT-260_CBS1483_17P-s10b | C81: D2F-B3 | E81: 1 | F81: #N/A | G81: #N/A
A82: MT02-MTT-260_CBS1483_17P-s10a | C82: D2F-C3 | E82: 1 | F82: #N/A | G82: #N/A
A83: MT02-MTT-260_CBS1483_17P-s10b | C83: D2F-D3 | E83: 1 | F83: #N/A | G83: #N/A
A85: T15 | B85: =CellCount_Viability!A16 -> 0 | F85: Maltoheptaose | G85: Maltohexaose
A86: MT01-MTT-260_CBS1483_17P-s10a | C86: D2F-A3 | E86: 1 | F86: #N/A | G86: #N/A
A87: MT01-MTT-260_CBS1483_17P-s10b | C87: D2F-B3 | E87: 1 | F87: #N/A | G87: #N/A
A88: MT02-MTT-260_CBS1483_17P-s10a | C88: D2F-C3 | E88: 1 | F88: #N/A | G88: #N/A
A89: MT02-MTT-260_CBS1483_17P-s10b | C89: D2F-D3 | E89: 1 | F89: #N/A | G89: #N/A
A91: T16 | B91: =CellCount_Viability!A17 -> 0 | F91: Maltoheptaose | G91: Maltohexaose
A92: MT01-MTT-260_CBS1483_17P-s10a | C92: D2F-A3 | E92: 1 | F92: #N/A | G92: #N/A
A93: MT01-MTT-260_CBS1483_17P-s10b | C93: D2F-B3 | E93: 1 | F93: #N/A | G93: #N/A
A94: MT02-MTT-260_CBS1483_17P-s10a | C94: D2F-C3 | E94: 1 | F94: #N/A | G94: #N/A
A95: MT02-MTT-260_CBS1483_17P-s10b | C95: D2F-D3 | E95: 1 | F95: #N/A | G95: #N/A
A97: T17 | B97: =CellCount_Viability!A18 -> 0 | F97: Maltoheptaose | G97: Maltohexaose
A98: MT01-MTT-260_CBS1483_17P-s10a | C98: D2F-A3 | E98: 1 | F98: #N/A | G98: #N/A
A99: MT01-MTT-260_CBS1483_17P-s10b | C99: D2F-B3 | E99: 1 | F99: #N/A | G99: #N/A
A100: MT02-MTT-260_CBS1483_17P-s10a | C100: D2F-C3 | E100: 1 | F100: #N/A | G100: #N/A
A101: MT02-MTT-260_CBS1483_17P-s10b | C101: D2F-D3 | E101: 1 | F101: #N/A | G101: #N/A
A103: T18 | B103: =CellCount_Viability!A19 -> 0 | F103: Maltoheptaose | G103: Maltohexaose
A104: MT01-MTT-260_CBS1483_17P-s10a | C104: D2F-A3 | E104: 1 | F104: #N/A | G104: #N/A
A105: MT01-MTT-260_CBS1483_17P-s10b | C105: D2F-B3 | E105: 1 | F105: #N/A | G105: #N/A
A106: MT02-MTT-260_CBS1483_17P-s10a | C106: D2F-C3 | E106: 1 | F106: #N/A | G106: #N/A
A107: MT02-MTT-260_CBS1483_17P-s10b | C107: D2F-D3 | E107: 1 | F107: #N/A | G107: #N/A
A109: T19 | B109: =CellCount_Viability!A20 -> 0 | F109: Maltoheptaose | G109: Maltohexaose
A110: MT01-MTT-260_CBS1483_17P-s10a | C110: D2F-A3 | E110: 1 | F110: #N/A | G110: #N/A
A111: MT01-MTT-260_CBS1483_17P-s10b | C111: D2F-B3 | E111: 1 | F111: #N/A | G111: #N/A
A112: MT02-MTT-260_CBS1483_17P-s10a | C112: D2F-C3 | E112: 1 | F112: #N/A | G112: #N/A
A113: MT02-MTT-260_CBS1483_17P-s10b | C113: D2F-D3 | E113: 1 | F113: #N/A | G113: #N/A
A115: T20 | B115: =CellCount_Viability!A21 -> 0 | F115: Maltoheptaose | G115: Maltohexaose
A116: MT01-MTT-260_CBS1483_17P-s10a | C116: D2F-A3 | E116: 1 | F116: #N/A | G116: #N/A
A117: MT01-MTT-260_CBS1483_17P-s10b | C117: D2F-B3 | E117: 1 | F117: #N/A | G117: #N/A
A118: MT02-MTT-260_CBS1483_17P-s10a | C118: D2F-C3 | E118: 1 | F118: #N/A | G118: #N/A
A119: MT02-MTT-260_CBS1483_17P-s10b | C119: D2F-D3 | E119: 1 | F119: #N/A | G119: #N/A

Sheet HPLC
A1: Date | B1: Time (h) | C1: Time (days) | D1: 1 Maltotriose | E1: 1 Maltose | F1: 1 Glucose | G1: 1 Fructose | H1: 1 Glycerol | I1: 1 Ethanol | J1: 2 Maltotriose | K1: 2 Maltose | L1: 2 Glucose | M1: 2 Fructose | N1: 2 Glycerol | O1: 2 Ethanol | P1: StDev 1 Maltotriose | Q1: StDev 1 Maltose | R1: StDev 1 Glucose | S1: StDev 1 Fructose | T1: StDev 1 Glycerol | U1: StDev 1 Ethanol | V1: StDev 2 Maltotriose | W1: StDev 2 Maltose | X1: StDev 2 Glucose | Y1: StDev 2 Fructose | Z1: StDev 2 Glycerol | AA1: StDev 2 Ethanol
A2: =CellCount_Viability!A2 -> 46268 | B2: =C2*24 -> 0 | C2: =IF(NOT(A2=0),A2-$A$2,"") -> 0 | D2: =AVERAGE(HPLC_raw!J2:J3) -> 28.1675 | E2: =AVERAGE(HPLC_raw!K2:K3) -> 87.021917 | F2: =AVERAGE(HPLC_raw!L2:L3) -> 20.535598 | G2: =AVERAGE(HPLC_raw!M2:M3) -> 7.9514809 | H2: =AVERAGE(HPLC_raw!N2:N3) -> 0 | I2: =AVERAGE(HPLC_raw!O2:O3) -> 0.7969338 | J2: =AVERAGE(HPLC_raw!J4:J5) -> 25.243706 | K2: =AVERAGE(HPLC_raw!K4:K5) -> 82.320355 | L2: =AVERAGE(HPLC_raw!L4:L5) -> 19.089426 | M2: =AVERAGE(HPLC_raw!M4:M5) -> 7.3261667 | N2: =AVERAGE(HPLC_raw!N4:N5) -> 0 | O2: =AVERAGE(HPLC_raw!O4:O5) -> 0.70886325 | P2: =STDEV(HPLC_raw!J2:J3) -> 1.7325746 | Q2: =STDEV(HPLC_raw!K2:K3) -> 0.97230248 | R2: =STDEV(HPLC_raw!L2:L3) -> 0.41484279 | S2: =STDEV(HPLC_raw!M2:M3) -> 0.13471216 | T2: =STDEV(HPLC_raw!N2:N3) -> 0 | U2: =STDEV(HPLC_raw!O2:O3) -> 0.034575822 | V2: =STDEV(HPLC_raw!J4:J5) -> 0.039606267 | W2: =STDEV(HPLC_raw!K4:K5) -> 5.3254912 | X2: =STDEV(HPLC_raw!L4:L5) -> 1.1590941 | Y2: =STDEV(HPLC_raw!M4:M5) -> 0.30190813 | Z2: =STDEV(HPLC_raw!N4:N5) -> 0 | AA2: =STDEV(HPLC_raw!O4:O5) -> 0.014636602
A3: =CellCount_Viability!A3 -> 46269 | B3: =C3*24 -> 24 | C3: =IF(NOT(A3=0),A3-$A$2,"") -> 1 | D3: =AVERAGE(HPLC_raw!J8:J9) -> 29.152837 | E3: =AVERAGE(HPLC_raw!K8:K9) -> 80.878274 | F3: =AVERAGE(HPLC_raw!L8:L9) -> 15.086307 | G3: =AVERAGE(HPLC_raw!M8:M9) -> 6.3733441 | H3: =AVERAGE(HPLC_raw!N8:N9) -> 0.46557265 | I3: =AVERAGE(HPLC_raw!O8:O9) -> 3.9605061 | J3: =AVERAGE(HPLC_raw!J10:J11) -> 29.43884 | K3: =AVERAGE(HPLC_raw!K10:K11) -> 84.477504 | L3: =AVERAGE(HPLC_raw!L10:L11) -> 16.409119 | M3: =AVERAGE(HPLC_raw!M10:M11) -> 6.7111021 | N3: =AVERAGE(HPLC_raw!N10:N11) -> 0.46778609 | O3: =AVERAGE(HPLC_raw!O10:O11) -> 4.3177506 | P3: =STDEV(HPLC_raw!J8:J9) -> 1.3496363 | Q3: =STDEV(HPLC_raw!K8:K9) -> 1.9664267 | R3: =STDEV(HPLC_raw!L8:L9) -> 0.041445857 | S3: =STDEV(HPLC_raw!M8:M9) -> 0.011800341 | T3: =STDEV(HPLC_raw!N8:N9) -> 0.024780767 | U3: =STDEV(HPLC_raw!O8:O9) -> 0.021080416 | V3: =STDEV(HPLC_raw!J10:J11) -> 0.036873877 | W3: =STDEV(HPLC_raw!K10:K11) -> 0.73890254 | X3: =STDEV(HPLC_raw!L10:L11) -> 0.036149897 | Y3: =STDEV(HPLC_raw!M10:M11) -> 0.016726562 | Z3: =STDEV(HPLC_raw!N10:N11) -> 0.018569507 | AA3: =STDEV(HPLC_raw!O10:O11) -> 0.018289806
A4: =CellCount_Viability!A4 -> 46270 | B4: =C4*24 -> 48 | C4: =IF(NOT(A4=0),A4-$A$2,"") -> 2 | D4: =AVERAGE(HPLC_raw!J14:J15) -> 25.93924 | E4: =AVERAGE(HPLC_raw!K14:K15) -> 72.553065 | F4: =AVERAGE(HPLC_raw!L14:L15) -> 13.734819 | G4: =AVERAGE(HPLC_raw!M14:M15) -> 6.0395718 | H4: =AVERAGE(HPLC_raw!N14:N15) -> 0.42136597 | I4: =AVERAGE(HPLC_raw!O14:O15) -> 3.6678963 | J4: =AVERAGE(HPLC_raw!J16:J17) -> 25.037948 | K4: =AVERAGE(HPLC_raw!K16:K17) -> 72.260466 | L4: =AVERAGE(HPLC_raw!L16:L17) -> 13.647155 | M4: =AVERAGE(HPLC_raw!M16:M17) -> 5.7389394 | N4: =AVERAGE(HPLC_raw!N16:N17) -> 0.38886738 | O4: =AVERAGE(HPLC_raw!O16:O17) -> 3.4566055 | P4: =STDEV(HPLC_raw!J14:J15) -> 1.2011409 | Q4: =STDEV(HPLC_raw!K14:K15) -> 4.1865594 | R4: =STDEV(HPLC_raw!L14:L15) -> 0.80515506 | S4: =STDEV(HPLC_raw!M14:M15) -> 0.010151485 | T4: =STDEV(HPLC_raw!N14:N15) -> 0.0060549912 | U4: =STDEV(HPLC_raw!O14:O15) -> 0.11373635 | V4: =STDEV(HPLC_raw!J16:J17) -> 0.18554943 | W4: =STDEV(HPLC_raw!K16:K17) -> 4.0437329 | X4: =STDEV(HPLC_raw!L16:L17) -> 0.78684675 | Y4: =STDEV(HPLC_raw!M16:M17) -> 0.10818026 | Z4: =STDEV(HPLC_raw!N16:N17) -> 0.0048447281 | AA4: =STDEV(HPLC_raw!O16:O17) -> 0.046255952
A5: =CellCount_Viability!A5 -> 46271 | B5: =C5*24 -> 72 | C5: =IF(NOT(A5=0),A5-$A$2,"") -> 3 | D5: =AVERAGE(HPLC_raw!J20:J21) -> 26.198906 | E5: =AVERAGE(HPLC_raw!K20:K21) -> 54.021006 | F5: =AVERAGE(HPLC_raw!L20:L21) -> 3.2191001 | G5: =AVERAGE(HPLC_raw!M20:M21) -> 3.6071905 | H5: =AVERAGE(HPLC_raw!N20:N21) -> 1.4983336 | I5: =AVERAGE(HPLC_raw!O20:O21) -> 25.369205 | J5: =AVERAGE(HPLC_raw!J22:J23) -> 25.770672 | K5: =AVERAGE(HPLC_raw!K22:K23) -> 56.898494 | L5: =AVERAGE(HPLC_raw!L22:L23) -> 3.3248026 | M5: =AVERAGE(HPLC_raw!M22:M23) -> 3.7254671 | N5: =AVERAGE(HPLC_raw!N22:N23) -> 1.5141592 | O5: =AVERAGE(HPLC_raw!O22:O23) -> 26.053413 | P5: =STDEV(HPLC_raw!J20:J21) -> 0.24549943 | Q5: =STDEV(HPLC_raw!K20:K21) -> 1.6444391 | R5: =STDEV(HPLC_raw!L20:L21) -> 0.013647077 | S5: =STDEV(HPLC_raw!M20:M21) -> 0.091300986 | T5: =STDEV(HPLC_raw!N20:N21) -> 0.02229704 | U5: =STDEV(HPLC_raw!O20:O21) -> 1.4713402 | V5: =STDEV(HPLC_raw!J22:J23) -> 2.3613021 | W5: =STDEV(HPLC_raw!K22:K23) -> 3.2464244 | X5: =STDEV(HPLC_raw!L22:L23) -> 0.31056123 | Y5: =STDEV(HPLC_raw!M22:M23) -> 0.26674656 | Z5: =STDEV(HPLC_raw!N22:N23) -> 0.05903025 | AA5: =STDEV(HPLC_raw!O22:O23) -> 1.9362879
A6: =CellCount_Viability!A6 -> 46272 | B6: =C6*24 -> 96 | C6: =IF(NOT(A6=0),A6-$A$2,"") -> 4 | D6: =AVERAGE(HPLC_raw!J26:J27) -> 25.586739 | E6: =AVERAGE(HPLC_raw!K26:K27) -> 37.332759 | F6: =AVERAGE(HPLC_raw!L26:L27) -> 0 | G6: =AVERAGE(HPLC_raw!M26:M27) -> 1.82998 | H6: =AVERAGE(HPLC_raw!N26:N27) -> 2.056515 | I6: =AVERAGE(HPLC_raw!O26:O27) -> 34.975116 | J6: =AVERAGE(HPLC_raw!J28:J29) -> 24.635626 | K6: =AVERAGE(HPLC_raw!K28:K29) -> 33.55376 | L6: =AVERAGE(HPLC_raw!L28:L29) -> 0 | M6: =AVERAGE(HPLC_raw!M28:M29) -> 1.6701971 | N6: =AVERAGE(HPLC_raw!N28:N29) -> 1.7962519 | O6: =AVERAGE(HPLC_raw!O28:O29) -> 32.341585 | P6: =STDEV(HPLC_raw!J26:J27) -> 0.75552862 | Q6: =STDEV(HPLC_raw!K26:K27) -> 1.302292 | R6: =STDEV(HPLC_raw!L26:L27) -> 0 | S6: =STDEV(HPLC_raw!M26:M27) -> 0.089067103 | T6: =STDEV(HPLC_raw!N26:N27) -> 0.11160267 | U6: =STDEV(HPLC_raw!O26:O27) -> 1.3812847 | V6: =STDEV(HPLC_raw!J28:J29) -> 0.26492942 | W6: =STDEV(HPLC_raw!K28:K29) -> 1.0510587 | X6: =STDEV(HPLC_raw!L28:L29) -> 0 | Y6: =STDEV(HPLC_raw!M28:M29) -> 0.067911398 | Z6: =STDEV(HPLC_raw!N28:N29) -> 0.015911105 | AA6: =STDEV(HPLC_raw!O28:O29) -> 2.1705482
A7: =CellCount_Viability!A7 -> 46273 | B7: =C7*24 -> 120 | C7: =IF(NOT(A7=0),A7-$A$2,"") -> 5 | D7: =AVERAGE(HPLC_raw!J32:J33) -> 23.148415 | E7: =AVERAGE(HPLC_raw!K32:K33) -> 19.453912 | F7: =AVERAGE(HPLC_raw!L32:L33) -> 0 | G7: =AVERAGE(HPLC_raw!M32:M33) -> 0 | H7: =AVERAGE(HPLC_raw!N32:N33) -> 2.2368618 | I7: =AVERAGE(HPLC_raw!O32:O33) -> 45.798969 | J7: =AVERAGE(HPLC_raw!J34:J35) -> 23.397695 | K7: =AVERAGE(HPLC_raw!K34:K35) -> 20.262012 | L7: =AVERAGE(HPLC_raw!L34:L35) -> 0 | M7: =AVERAGE(HPLC_raw!M34:M35) -> 0 | N7: =AVERAGE(HPLC_raw!N34:N35) -> 2.3495555 | O7: =AVERAGE(HPLC_raw!O34:O35) -> 45.852925 | P7: =STDEV(HPLC_raw!J32:J33) -> 0.14154166 | Q7: =STDEV(HPLC_raw!K32:K33) -> 1.3292025 | R7: =STDEV(HPLC_raw!L32:L33) -> 0 | S7: =STDEV(HPLC_raw!M32:M33) -> 0 | T7: =STDEV(HPLC_raw!N32:N33) -> 0.041207577 | U7: =STDEV(HPLC_raw!O32:O33) -> 0.8997658 | V7: =STDEV(HPLC_raw!J34:J35) -> 2.1399689 | W7: =STDEV(HPLC_raw!K34:K35) -> 1.840111 | X7: =STDEV(HPLC_raw!L34:L35) -> 0 | Y7: =STDEV(HPLC_raw!M34:M35) -> 0 | Z7: =STDEV(HPLC_raw!N34:N35) -> 0.12297109 | AA7: =STDEV(HPLC_raw!O34:O35) -> 2.827112
A8: =CellCount_Viability!A8 -> 46274 | B8: =C8*24 -> 144 | C8: =IF(NOT(A8=0),A8-$A$2,"") -> 6 | D8: =AVERAGE(HPLC_raw!J38:J39) -> 20.857525 | E8: =AVERAGE(HPLC_raw!K38:K39) -> 5.2958032 | F8: =AVERAGE(HPLC_raw!L38:L39) -> 0 | G8: =AVERAGE(HPLC_raw!M38:M39) -> 0 | H8: =AVERAGE(HPLC_raw!N38:N39) -> 2.6057211 | I8: =AVERAGE(HPLC_raw!O38:O39) -> 57.669844 | J8: =AVERAGE(HPLC_raw!J40:J41) -> 19.924984 | K8: =AVERAGE(HPLC_raw!K40:K41) -> 5.2859769 | L8: =AVERAGE(HPLC_raw!L40:L41) -> 0 | M8: =AVERAGE(HPLC_raw!M40:M41) -> 0 | N8: =AVERAGE(HPLC_raw!N40:N41) -> 2.5340025 | O8: =AVERAGE(HPLC_raw!O40:O41) -> 55.566399 | P8: =STDEV(HPLC_raw!J38:J39) -> 1.083323 | Q8: =STDEV(HPLC_raw!K38:K39) -> 0.24098645 | R8: =STDEV(HPLC_raw!L38:L39) -> 0 | S8: =STDEV(HPLC_raw!M38:M39) -> 0 | T8: =STDEV(HPLC_raw!N38:N39) -> 0.13084461 | U8: =STDEV(HPLC_raw!O38:O39) -> 2.9973463 | V8: =STDEV(HPLC_raw!J40:J41) -> 0.91662898 | W8: =STDEV(HPLC_raw!K40:K41) -> 0.23003645 | X8: =STDEV(HPLC_raw!L40:L41) -> 0 | Y8: =STDEV(HPLC_raw!M40:M41) -> 0 | Z8: =STDEV(HPLC_raw!N40:N41) -> 0.1305974 | AA8: =STDEV(HPLC_raw!O40:O41) -> 2.7494358
A9: =CellCount_Viability!A9 -> 46275 | B9: =C9*24 -> 168 | C9: =IF(NOT(A9=0),A9-$A$2,"") -> 7 | D9: =AVERAGE(HPLC_raw!J44:J45) -> 18.873351 | E9: =AVERAGE(HPLC_raw!K44:K45) -> 4.0365458 | F9: =AVERAGE(HPLC_raw!L44:L45) -> 0 | G9: =AVERAGE(HPLC_raw!M44:M45) -> 0 | H9: =AVERAGE(HPLC_raw!N44:N45) -> 2.5476748 | I9: =AVERAGE(HPLC_raw!O44:O45) -> 59.899446 | J9: =AVERAGE(HPLC_raw!J46:J47) -> 18.817721 | K9: =AVERAGE(HPLC_raw!K46:K47) -> 3.8336719 | L9: =AVERAGE(HPLC_raw!L46:L47) -> 0 | M9: =AVERAGE(HPLC_raw!M46:M47) -> 0 | N9: =AVERAGE(HPLC_raw!N46:N47) -> 2.4303547 | O9: =AVERAGE(HPLC_raw!O46:O47) -> 60.010297 | P9: =STDEV(HPLC_raw!J44:J45) -> 0.40071887 | Q9: =STDEV(HPLC_raw!K44:K45) -> 0.18560955 | R9: =STDEV(HPLC_raw!L44:L45) -> 0 | S9: =STDEV(HPLC_raw!M44:M45) -> 0 | T9: =STDEV(HPLC_raw!N44:N45) -> 0.048754689 | U9: =STDEV(HPLC_raw!O44:O45) -> 3.2111784 | V9: =STDEV(HPLC_raw!J46:J47) -> 1.1019217 | W9: =STDEV(HPLC_raw!K46:K47) -> 0.12068612 | X9: =STDEV(HPLC_raw!L46:L47) -> 0 | Y9: =STDEV(HPLC_raw!M46:M47) -> 0 | Z9: =STDEV(HPLC_raw!N46:N47) -> 0.13470559 | AA9: =STDEV(HPLC_raw!O46:O47) -> 4.1816835
A10: =CellCount_Viability!A10 -> 46276 | B10: =C10*24 -> 192 | C10: =IF(NOT(A10=0),A10-$A$2,"") -> 8 | D10: =AVERAGE(HPLC_raw!J50:J51) -> 17.28397 | E10: =AVERAGE(HPLC_raw!K50:K51) -> 3.4092523 | F10: =AVERAGE(HPLC_raw!L50:L51) -> 0 | G10: =AVERAGE(HPLC_raw!M50:M51) -> 0 | H10: =AVERAGE(HPLC_raw!N50:N51) -> 2.5514006 | I10: =AVERAGE(HPLC_raw!O50:O51) -> 56.742135 | J10: =AVERAGE(HPLC_raw!J52:J53) -> 17.87593 | K10: =AVERAGE(HPLC_raw!K52:K53) -> 3.4874922 | L10: =AVERAGE(HPLC_raw!L52:L53) -> 0 | M10: =AVERAGE(HPLC_raw!M52:M53) -> 0 | N10: =AVERAGE(HPLC_raw!N52:N53) -> 2.5503368 | O10: =AVERAGE(HPLC_raw!O52:O53) -> 59.353235 | P10: =STDEV(HPLC_raw!J50:J51) -> 0.92918033 | Q10: =STDEV(HPLC_raw!K50:K51) -> 0.04320104 | R10: =STDEV(HPLC_raw!L50:L51) -> 0 | S10: =STDEV(HPLC_raw!M50:M51) -> 0 | T10: =STDEV(HPLC_raw!N50:N51) -> 0.033374529 | U10: =STDEV(HPLC_raw!O50:O51) -> 1.6069213 | V10: =STDEV(HPLC_raw!J52:J53) -> 0.60277999 | W10: =STDEV(HPLC_raw!K52:K53) -> 0.14507712 | X10: =STDEV(HPLC_raw!L52:L53) -> 0 | Y10: =STDEV(HPLC_raw!M52:M53) -> 0 | Z10: =STDEV(HPLC_raw!N52:N53) -> 0.05503169 | AA10: =STDEV(HPLC_raw!O52:O53) -> 3.8794296
A11: =CellCount_Viability!A11 -> 46277 | B11: =C11*24 -> 216 | C11: =IF(NOT(A11=0),A11-$A$2,"") -> 9 | D11: =AVERAGE(HPLC_raw!J56:J57) -> 17.490102 | E11: =AVERAGE(HPLC_raw!K56:K57) -> 3.2838209 | F11: =AVERAGE(HPLC_raw!L56:L57) -> 0 | G11: =AVERAGE(HPLC_raw!M56:M57) -> 0 | H11: =AVERAGE(HPLC_raw!N56:N57) -> 2.5287168 | I11: =AVERAGE(HPLC_raw!O56:O57) -> 55.565547 | J11: =AVERAGE(HPLC_raw!J58:J59) -> 18.086638 | K11: =AVERAGE(HPLC_raw!K58:K59) -> 3.224084 | L11: =AVERAGE(HPLC_raw!L58:L59) -> 0 | M11: =AVERAGE(HPLC_raw!M58:M59) -> 0 | N11: =AVERAGE(HPLC_raw!N58:N59) -> 2.6404043 | O11: =AVERAGE(HPLC_raw!O58:O59) -> 57.801069 | P11: =STDEV(HPLC_raw!J56:J57) -> 0.32653898 | Q11: =STDEV(HPLC_raw!K56:K57) -> 0.026557699 | R11: =STDEV(HPLC_raw!L56:L57) -> 0 | S11: =STDEV(HPLC_raw!M56:M57) -> 0 | T11: =STDEV(HPLC_raw!N56:N57) -> 0.050887904 | U11: =STDEV(HPLC_raw!O56:O57) -> 3.1011623 | V11: =STDEV(HPLC_raw!J58:J59) -> 1.0108384 | W11: =STDEV(HPLC_raw!K58:K59) -> 0.15430631 | X11: =STDEV(HPLC_raw!L58:L59) -> 0 | Y11: =STDEV(HPLC_raw!M58:M59) -> 0 | Z11: =STDEV(HPLC_raw!N58:N59) -> 0.1644438 | AA11: =STDEV(HPLC_raw!O58:O59) -> 7.6978347
A12: =CellCount_Viability!A12 -> 46278 | B12: =C12*24 -> 240 | C12: =IF(NOT(A12=0),A12-$A$2,"") -> 10 | D12: =AVERAGE(HPLC_raw!J62:J63) -> 18.14665 | E12: =AVERAGE(HPLC_raw!K62:K63) -> 3.2796544 | F12: =AVERAGE(HPLC_raw!L62:L63) -> 0 | G12: =AVERAGE(HPLC_raw!M62:M63) -> 0 | H12: =AVERAGE(HPLC_raw!N62:N63) -> 2.5833971 | I12: =AVERAGE(HPLC_raw!O62:O63) -> 61.048504 | J12: =AVERAGE(HPLC_raw!J59:J60) -> 18.801409 | K12: =AVERAGE(HPLC_raw!K59:K60) -> 3.3331951 | L12: =AVERAGE(HPLC_raw!L59:L60) -> 0 | M12: =AVERAGE(HPLC_raw!M59:M60) -> 0 | N12: =AVERAGE(HPLC_raw!N59:N60) -> 2.7566837 | O12: =AVERAGE(HPLC_raw!O59:O60) -> 63.24426 | P12: =STDEV(HPLC_raw!J62:J63) -> 0.94419916 | Q12: =STDEV(HPLC_raw!K62:K63) -> 0.11307261 | R12: =STDEV(HPLC_raw!L62:L63) -> 0 | S12: =STDEV(HPLC_raw!M62:M63) -> 0 | T12: =STDEV(HPLC_raw!N62:N63) -> 0.070140871 | U12: =STDEV(HPLC_raw!O62:O63) -> 3.8111698 | V12: =STDEV(HPLC_raw!J59:J60) -> #DIV/0! | W12: =STDEV(HPLC_raw!K59:K60) -> #DIV/0! | X12: =STDEV(HPLC_raw!L59:L60) -> #DIV/0! | Y12: =STDEV(HPLC_raw!M59:M60) -> #DIV/0! | Z12: =STDEV(HPLC_raw!N59:N60) -> #DIV/0! | AA12: =STDEV(HPLC_raw!O59:O60) -> #DIV/0!
A13: =CellCount_Viability!A13 -> 0 | B13: =C13*24 -> #VALUE! | C13: =IF(NOT(A13=0),A13-$A$2,"") | D13: =AVERAGE(HPLC_raw!J68:J69) -> #N/A | E13: =AVERAGE(HPLC_raw!K68:K69) -> #N/A | F13: =AVERAGE(HPLC_raw!L68:L69) -> #N/A | G13: =AVERAGE(HPLC_raw!M68:M69) -> #N/A | H13: =AVERAGE(HPLC_raw!N68:N69) -> #N/A | I13: =AVERAGE(HPLC_raw!O68:O69) -> #N/A | J13: =AVERAGE(HPLC_raw!J70:J71) -> #N/A | K13: =AVERAGE(HPLC_raw!K70:K71) -> #N/A | L13: =AVERAGE(HPLC_raw!L70:L71) -> #N/A | M13: =AVERAGE(HPLC_raw!M70:M71) -> #N/A | N13: =AVERAGE(HPLC_raw!N70:N71) -> #N/A | O13: =AVERAGE(HPLC_raw!O70:O71) -> #N/A | P13: =STDEV(HPLC_raw!J68:J69) -> #N/A | Q13: =STDEV(HPLC_raw!K68:K69) -> #N/A | R13: =STDEV(HPLC_raw!L68:L69) -> #N/A | S13: =STDEV(HPLC_raw!M68:M69) -> #N/A | T13: =STDEV(HPLC_raw!N68:N69) -> #N/A | U13: =STDEV(HPLC_raw!O68:O69) -> #N/A | V13: =STDEV(HPLC_raw!J70:J71) -> #N/A | W13: =STDEV(HPLC_raw!K70:K71) -> #N/A | X13: =STDEV(HPLC_raw!L70:L71) -> #N/A | Y13: =STDEV(HPLC_raw!M70:M71) -> #N/A | Z13: =STDEV(HPLC_raw!N70:N71) -> #N/A | AA13: =STDEV(HPLC_raw!O70:O71) -> #N/A
A14: =CellCount_Viability!A14 -> 0 | B14: =C14*24 -> #VALUE! | C14: =IF(NOT(A14=0),A14-$A$2,"") | D14: =AVERAGE(HPLC_raw!J74:J75) -> #N/A | E14: =AVERAGE(HPLC_raw!K74:K75) -> #N/A | F14: =AVERAGE(HPLC_raw!L74:L75) -> #N/A | G14: =AVERAGE(HPLC_raw!M74:M75) -> #N/A | H14: =AVERAGE(HPLC_raw!N74:N75) -> #N/A | I14: =AVERAGE(HPLC_raw!O74:O75) -> #N/A | J14: =AVERAGE(HPLC_raw!J76:J77) -> #N/A | K14: =AVERAGE(HPLC_raw!K76:K77) -> #N/A | L14: =AVERAGE(HPLC_raw!L76:L77) -> #N/A | M14: =AVERAGE(HPLC_raw!M76:M77) -> #N/A | N14: =AVERAGE(HPLC_raw!N76:N77) -> #N/A | O14: =AVERAGE(HPLC_raw!O76:O77) -> #N/A | P14: =STDEV(HPLC_raw!J74:J75) -> #N/A | Q14: =STDEV(HPLC_raw!K74:K75) -> #N/A | R14: =STDEV(HPLC_raw!L74:L75) -> #N/A | S14: =STDEV(HPLC_raw!M74:M75) -> #N/A | T14: =STDEV(HPLC_raw!N74:N75) -> #N/A | U14: =STDEV(HPLC_raw!O74:O75) -> #N/A | V14: =STDEV(HPLC_raw!J76:J77) -> #N/A | W14: =STDEV(HPLC_raw!K76:K77) -> #N/A | X14: =STDEV(HPLC_raw!L76:L77) -> #N/A | Y14: =STDEV(HPLC_raw!M76:M77) -> #N/A | Z14: =STDEV(HPLC_raw!N76:N77) -> #N/A | AA14: =STDEV(HPLC_raw!O76:O77) -> #N/A
A15: =CellCount_Viability!A15 -> 0 | B15: =C15*24 -> #VALUE! | C15: =IF(NOT(A15=0),A15-$A$2,"") | D15: =AVERAGE(HPLC_raw!J80:J81) -> #N/A | E15: =AVERAGE(HPLC_raw!K80:K81) -> #N/A | F15: =AVERAGE(HPLC_raw!L80:L81) -> #N/A | G15: =AVERAGE(HPLC_raw!M80:M81) -> #N/A | H15: =AVERAGE(HPLC_raw!N80:N81) -> #N/A | I15: =AVERAGE(HPLC_raw!O80:O81) -> #N/A | J15: =AVERAGE(HPLC_raw!J82:J83) -> #N/A | K15: =AVERAGE(HPLC_raw!K82:K83) -> #N/A | L15: =AVERAGE(HPLC_raw!L82:L83) -> #N/A | M15: =AVERAGE(HPLC_raw!M82:M83) -> #N/A | N15: =AVERAGE(HPLC_raw!N82:N83) -> #N/A | O15: =AVERAGE(HPLC_raw!O82:O83) -> #N/A | P15: =STDEV(HPLC_raw!J80:J81) -> #N/A | Q15: =STDEV(HPLC_raw!K80:K81) -> #N/A | R15: =STDEV(HPLC_raw!L80:L81) -> #N/A | S15: =STDEV(HPLC_raw!M80:M81) -> #N/A | T15: =STDEV(HPLC_raw!N80:N81) -> #N/A | U15: =STDEV(HPLC_raw!O80:O81) -> #N/A | V15: =STDEV(HPLC_raw!J82:J83) -> #N/A | W15: =STDEV(HPLC_raw!K82:K83) -> #N/A | X15: =STDEV(HPLC_raw!L82:L83) -> #N/A | Y15: =STDEV(HPLC_raw!M82:M83) -> #N/A | Z15: =STDEV(HPLC_raw!N82:N83) -> #N/A | AA15: =STDEV(HPLC_raw!O82:O83) -> #N/A
A16: =CellCount_Viability!A16 -> 0 | B16: =C16*24 -> #VALUE! | C16: =IF(NOT(A16=0),A16-$A$2,"") | D16: =AVERAGE(HPLC_raw!J86:J87) -> #N/A | E16: =AVERAGE(HPLC_raw!K86:K87) -> #N/A | F16: =AVERAGE(HPLC_raw!L86:L87) -> #N/A | G16: =AVERAGE(HPLC_raw!M86:M87) -> #N/A | H16: =AVERAGE(HPLC_raw!N86:N87) -> #N/A | I16: =AVERAGE(HPLC_raw!O86:O87) -> #N/A | J16: =AVERAGE(HPLC_raw!J88:J89) -> #N/A | K16: =AVERAGE(HPLC_raw!K88:K89) -> #N/A | L16: =AVERAGE(HPLC_raw!L88:L89) -> #N/A | M16: =AVERAGE(HPLC_raw!M88:M89) -> #N/A | N16: =AVERAGE(HPLC_raw!N88:N89) -> #N/A | O16: =AVERAGE(HPLC_raw!O88:O89) -> #N/A | P16: =STDEV(HPLC_raw!J86:J87) -> #N/A | Q16: =STDEV(HPLC_raw!K86:K87) -> #N/A | R16: =STDEV(HPLC_raw!L86:L87) -> #N/A | S16: =STDEV(HPLC_raw!M86:M87) -> #N/A | T16: =STDEV(HPLC_raw!N86:N87) -> #N/A | U16: =STDEV(HPLC_raw!O86:O87) -> #N/A | V16: =STDEV(HPLC_raw!J88:J89) -> #N/A | W16: =STDEV(HPLC_raw!K88:K89) -> #N/A | X16: =STDEV(HPLC_raw!L88:L89) -> #N/A | Y16: =STDEV(HPLC_raw!M88:M89) -> #N/A | Z16: =STDEV(HPLC_raw!N88:N89) -> #N/A | AA16: =STDEV(HPLC_raw!O88:O89) -> #N/A
A17: =CellCount_Viability!A17 -> 0 | B17: =C17*24 -> #VALUE! | C17: =IF(NOT(A17=0),A17-$A$2,"") | D17: =AVERAGE(HPLC_raw!J92:J93) -> #N/A | E17: =AVERAGE(HPLC_raw!K92:K93) -> #N/A | F17: =AVERAGE(HPLC_raw!L92:L93) -> #N/A | G17: =AVERAGE(HPLC_raw!M92:M93) -> #N/A | H17: =AVERAGE(HPLC_raw!N92:N93) -> #N/A | I17: =AVERAGE(HPLC_raw!O92:O93) -> #N/A | J17: =AVERAGE(HPLC_raw!J94:J95) -> #N/A | K17: =AVERAGE(HPLC_raw!K94:K95) -> #N/A | L17: =AVERAGE(HPLC_raw!L94:L95) -> #N/A | M17: =AVERAGE(HPLC_raw!M94:M95) -> #N/A | N17: =AVERAGE(HPLC_raw!N94:N95) -> #N/A | O17: =AVERAGE(HPLC_raw!O94:O95) -> #N/A | P17: =STDEV(HPLC_raw!J92:J93) -> #N/A | Q17: =STDEV(HPLC_raw!K92:K93) -> #N/A | R17: =STDEV(HPLC_raw!L92:L93) -> #N/A | S17: =STDEV(HPLC_raw!M92:M93) -> #N/A | T17: =STDEV(HPLC_raw!N92:N93) -> #N/A | U17: =STDEV(HPLC_raw!O92:O93) -> #N/A | V17: =STDEV(HPLC_raw!J94:J95) -> #N/A | W17: =STDEV(HPLC_raw!K94:K95) -> #N/A | X17: =STDEV(HPLC_raw!L94:L95) -> #N/A | Y17: =STDEV(HPLC_raw!M94:M95) -> #N/A | Z17: =STDEV(HPLC_raw!N94:N95) -> #N/A | AA17: =STDEV(HPLC_raw!O94:O95) -> #N/A
A18: =CellCount_Viability!A18 -> 0 | B18: =C18*24 -> #VALUE! | C18: =IF(NOT(A18=0),A18-$A$2,"") | D18: =AVERAGE(HPLC_raw!J98:J99) -> #N/A | E18: =AVERAGE(HPLC_raw!K98:K99) -> #N/A | F18: =AVERAGE(HPLC_raw!L98:L99) -> #N/A | G18: =AVERAGE(HPLC_raw!M98:M99) -> #N/A | H18: =AVERAGE(HPLC_raw!N98:N99) -> #N/A | I18: =AVERAGE(HPLC_raw!O98:O99) -> #N/A | J18: =AVERAGE(HPLC_raw!J100:J101) -> #N/A | K18: =AVERAGE(HPLC_raw!K100:K101) -> #N/A | L18: =AVERAGE(HPLC_raw!L100:L101) -> #N/A | M18: =AVERAGE(HPLC_raw!M100:M101) -> #N/A | N18: =AVERAGE(HPLC_raw!N100:N101) -> #N/A | O18: =AVERAGE(HPLC_raw!O100:O101) -> #N/A | P18: =STDEV(HPLC_raw!J98:J99) -> #N/A | Q18: =STDEV(HPLC_raw!K98:K99) -> #N/A | R18: =STDEV(HPLC_raw!L98:L99) -> #N/A | S18: =STDEV(HPLC_raw!M98:M99) -> #N/A | T18: =STDEV(HPLC_raw!N98:N99) -> #N/A | U18: =STDEV(HPLC_raw!O98:O99) -> #N/A | V18: =STDEV(HPLC_raw!J100:J101) -> #N/A | W18: =STDEV(HPLC_raw!K100:K101) -> #N/A | X18: =STDEV(HPLC_raw!L100:L101) -> #N/A | Y18: =STDEV(HPLC_raw!M100:M101) -> #N/A | Z18: =STDEV(HPLC_raw!N100:N101) -> #N/A | AA18: =STDEV(HPLC_raw!O100:O101) -> #N/A
A19: =CellCount_Viability!A19 -> 0 | B19: =C19*24 -> #VALUE! | C19: =IF(NOT(A19=0),A19-$A$2,"") | D19: =AVERAGE(HPLC_raw!J104:J105) -> #N/A | E19: =AVERAGE(HPLC_raw!K104:K105) -> #N/A | F19: =AVERAGE(HPLC_raw!L104:L105) -> #N/A | G19: =AVERAGE(HPLC_raw!M104:M105) -> #N/A | H19: =AVERAGE(HPLC_raw!N104:N105) -> #N/A | I19: =AVERAGE(HPLC_raw!O104:O105) -> #N/A | J19: =AVERAGE(HPLC_raw!J106:J107) -> #N/A | K19: =AVERAGE(HPLC_raw!K106:K107) -> #N/A | L19: =AVERAGE(HPLC_raw!L106:L107) -> #N/A | M19: =AVERAGE(HPLC_raw!M106:M107) -> #N/A | N19: =AVERAGE(HPLC_raw!N106:N107) -> #N/A | O19: =AVERAGE(HPLC_raw!O106:O107) -> #N/A | P19: =STDEV(HPLC_raw!J104:J105) -> #N/A | Q19: =STDEV(HPLC_raw!K104:K105) -> #N/A | R19: =STDEV(HPLC_raw!L104:L105) -> #N/A | S19: =STDEV(HPLC_raw!M104:M105) -> #N/A | T19: =STDEV(HPLC_raw!N104:N105) -> #N/A | U19: =STDEV(HPLC_raw!O104:O105) -> #N/A | V19: =STDEV(HPLC_raw!J106:J107) -> #N/A | W19: =STDEV(HPLC_raw!K106:K107) -> #N/A | X19: =STDEV(HPLC_raw!L106:L107) -> #N/A | Y19: =STDEV(HPLC_raw!M106:M107) -> #N/A | Z19: =STDEV(HPLC_raw!N106:N107) -> #N/A | AA19: =STDEV(HPLC_raw!O106:O107) -> #N/A
A20: =CellCount_Viability!A20 -> 0 | B20: =C20*24 -> #VALUE! | C20: =IF(NOT(A20=0),A20-$A$2,"") | D20: =AVERAGE(HPLC_raw!J110:J111) -> #N/A | E20: =AVERAGE(HPLC_raw!K110:K111) -> #N/A | F20: =AVERAGE(HPLC_raw!L110:L111) -> #N/A | G20: =AVERAGE(HPLC_raw!M110:M111) -> #N/A | H20: =AVERAGE(HPLC_raw!N110:N111) -> #N/A | I20: =AVERAGE(HPLC_raw!O110:O111) -> #N/A | J20: =AVERAGE(HPLC_raw!J112:J113) -> #N/A | K20: =AVERAGE(HPLC_raw!K112:K113) -> #N/A | L20: =AVERAGE(HPLC_raw!L112:L113) -> #N/A | M20: =AVERAGE(HPLC_raw!M112:M113) -> #N/A | N20: =AVERAGE(HPLC_raw!N112:N113) -> #N/A | O20: =AVERAGE(HPLC_raw!O112:O113) -> #N/A | P20: =STDEV(HPLC_raw!J110:J111) -> #N/A | Q20: =STDEV(HPLC_raw!K110:K111) -> #N/A | R20: =STDEV(HPLC_raw!L110:L111) -> #N/A | S20: =STDEV(HPLC_raw!M110:M111) -> #N/A | T20: =STDEV(HPLC_raw!N110:N111) -> #N/A | U20: =STDEV(HPLC_raw!O110:O111) -> #N/A | V20: =STDEV(HPLC_raw!J112:J113) -> #N/A | W20: =STDEV(HPLC_raw!K112:K113) -> #N/A | X20: =STDEV(HPLC_raw!L112:L113) -> #N/A | Y20: =STDEV(HPLC_raw!M112:M113) -> #N/A | Z20: =STDEV(HPLC_raw!N112:N113) -> #N/A | AA20: =STDEV(HPLC_raw!O112:O113) -> #N/A
A21: =CellCount_Viability!A21 -> 0 | B21: =C21*24 -> #VALUE! | C21: =IF(NOT(A21=0),A21-$A$2,"") | D21: =AVERAGE(HPLC_raw!J116:J117) -> #N/A | E21: =AVERAGE(HPLC_raw!K116:K117) -> #N/A | F21: =AVERAGE(HPLC_raw!L116:L117) -> #N/A | G21: =AVERAGE(HPLC_raw!M116:M117) -> #N/A | H21: =AVERAGE(HPLC_raw!N116:N117) -> #N/A | I21: =AVERAGE(HPLC_raw!O116:O117) -> #N/A | J21: =AVERAGE(HPLC_raw!J118:J119) -> #N/A | K21: =AVERAGE(HPLC_raw!K118:K119) -> #N/A | L21: =AVERAGE(HPLC_raw!L118:L119) -> #N/A | M21: =AVERAGE(HPLC_raw!M118:M119) -> #N/A | N21: =AVERAGE(HPLC_raw!N118:N119) -> #N/A | O21: =AVERAGE(HPLC_raw!O118:O119) -> #N/A | P21: =STDEV(HPLC_raw!J116:J117) -> #N/A | Q21: =STDEV(HPLC_raw!K116:K117) -> #N/A | R21: =STDEV(HPLC_raw!L116:L117) -> #N/A | S21: =STDEV(HPLC_raw!M116:M117) -> #N/A | T21: =STDEV(HPLC_raw!N116:N117) -> #N/A | U21: =STDEV(HPLC_raw!O116:O117) -> #N/A | V21: =STDEV(HPLC_raw!J118:J119) -> #N/A | W21: =STDEV(HPLC_raw!K118:K119) -> #N/A | X21: =STDEV(HPLC_raw!L118:L119) -> #N/A | Y21: =STDEV(HPLC_raw!M118:M119) -> #N/A | Z21: =STDEV(HPLC_raw!N118:N119) -> #N/A | AA21: =STDEV(HPLC_raw!O118:O119) -> #N/A

Sheet GC_esters
A1: Date | B1: Time (h) | C1: Time (days) | D1: 1 Ethyl acetate | E1: 1 Ethanol | F1: 1 Isobutyl acetate | G1: 1 Ethyl butyrate | H1: 1 Isobutanol | I1: 1 Isoamyl acetate | J1: 1 Isoamyl alcohol | K1: 1 Ethyl hexanoate | L1: 1 Ethyl octanoate | M1: 1 Ethyl decanoate | N1: 2 Ethyl acetate | O1: 2 Ethanol | P1: 2 Isobutyl acetate | Q1: 2 Ethyl butyrate | R1: 2 Isobutanol | S1: 2 Isoamyl acetate | T1: 2 Isoamyl alcohol | U1: 2 Ethyl hexanoate | V1: 2 Ethyl octanoate | W1: 2 Ethyl decanoate | X1: StDev 1 Ethyl acetate | Y1: StDev 1 Ethanol | Z1: StDev 1 Isobutyl acetate | AA1: StDev 1 Ethyl butyrate | AB1: StDev 1 Isobutanol | AC1: StDev 1 Isoamyl acetate | AD1: StDev 1 Isoamyl alcohol | AE1: StDev 1 Ethyl hexanoate | AF1: StDev 1 Ethyl octanoate | AG1: StDev 1 Ethyl decanoate | AH1: StDev 2 Ethyl acetate | AI1: StDev 2 Ethanol | AJ1: StDev 2 Isobutyl acetate | AK1: StDev 2 Ethyl butyrate | AL1: StDev 2 Isobutanol | AM1: StDev 2 Isoamyl acetate | AN1: StDev 2 Isoamyl alcohol | AO1: StDev 2 Ethyl hexanoate | AP1: StDev 2 Ethyl octanoate | AQ1: StDev 2 Ethyl decanoate
A2: =CellCount_Viability!A2 -> 46268 | B2: =C2*24 -> 0 | C2: =IF(NOT(A2=0),A2-$A$2,"") -> 0 | D2: =AVERAGE(GC_esters_raw!F2:F3) -> 0.07 | E2: =AVERAGE(GC_esters_raw!G2:G3) -> 0 | F2: =AVERAGE(GC_esters_raw!H2:H3) -> 0 | G2: =AVERAGE(GC_esters_raw!I2:I3) -> 0 | H2: =AVERAGE(GC_esters_raw!J2:J3) -> 0.485 | I2: =AVERAGE(GC_esters_raw!K2:K3) -> 0 | J2: =AVERAGE(GC_esters_raw!L2:L3) -> 3.52 | K2: =AVERAGE(GC_esters_raw!M2:M3) -> 0 | ... M2: =AVERAGE(GC_esters_raw!O2:O3) -> 0 | N2: =AVERAGE(GC_esters_raw!F4:F5) -> 0 | O2: =AVERAGE(GC_esters_raw!G4:G5) -> 0 | P2: =AVERAGE(GC_esters_raw!H4:H5) -> 0 | Q2: =AVERAGE(GC_esters_raw!I4:I5) -> 0 | R2: =AVERAGE(GC_esters_raw!J4:J5) -> 0.49 | S2: =AVERAGE(GC_esters_raw!K4:K5) -> 0 | T2: =AVERAGE(GC_esters_raw!L4:L5) -> 3.645 | U2: =AVERAGE(GC_esters_raw!M4:M5) -> 0 | ... W2: =AVERAGE(GC_esters_raw!O4:O5) -> 0 | X2: =STDEV(GC_esters_raw!F2:F3) -> 0.098994949 | Y2: =STDEV(GC_esters_raw!G2:G3) -> 0 | Z2: =STDEV(GC_esters_raw!H2:H3) -> 0 | AA2: =STDEV(GC_esters_raw!I2:I3) -> 0 | AB2: =STDEV(GC_esters_raw!J2:J3) -> 0.0070710678 | AC2: =STDEV(GC_esters_raw!K2:K3) -> 0 | AD2: =STDEV(GC_esters_raw!L2:L3) -> 0.084852814 | AE2: =STDEV(GC_esters_raw!M2:M3) -> 0 | ... AG2: =STDEV(GC_esters_raw!O2:O3) -> 0 | AH2: =STDEV(GC_esters_raw!F4:F5) -> 0 | AI2: =STDEV(GC_esters_raw!G4:G5) -> 0 | AJ2: =STDEV(GC_esters_raw!H4:H5) -> 0 | AK2: =STDEV(GC_esters_raw!I4:I5) -> 0 | AL2: =STDEV(GC_esters_raw!J4:J5) -> 0.028284271 | AM2: =STDEV(GC_esters_raw!K4:K5) -> 0 | AN2: =STDEV(GC_esters_raw!L4:L5) -> 0.0070710678 | AO2: =STDEV(GC_esters_raw!M4:M5) -> 0 | ... AQ2: =STDEV(GC_esters_raw!O4:O5) -> 0
A3: =CellCount_Viability!A3 -> 46269 | B3: =C3*24 -> 24 | C3: =IF(NOT(A3=0),A3-$A$2,"") -> 1 | D3: =AVERAGE(GC_esters_raw!F8:F9) -> 0.505 | E3: =AVERAGE(GC_esters_raw!G8:G9) -> 0 | F3: =AVERAGE(GC_esters_raw!H8:H9) -> 0 | G3: =AVERAGE(GC_esters_raw!I8:I9) -> 0.135 | H3: =AVERAGE(GC_esters_raw!J8:J9) -> 2.165 | I3: =AVERAGE(GC_esters_raw!K8:K9) -> 0.07 | J3: =AVERAGE(GC_esters_raw!L8:L9) -> 20.99 | K3: =AVERAGE(GC_esters_raw!M8:M9) -> 0 | ... M3: =AVERAGE(GC_esters_raw!O8:O9) -> 0 | N3: =AVERAGE(GC_esters_raw!F10:F11) -> 0.47 | O3: =AVERAGE(GC_esters_raw!G10:G11) -> 0 | P3: =AVERAGE(GC_esters_raw!H10:H11) -> 0 | Q3: =AVERAGE(GC_esters_raw!I10:I11) -> 0.13 | R3: =AVERAGE(GC_esters_raw!J10:J11) -> 1.98 | S3: =AVERAGE(GC_esters_raw!K10:K11) -> 0.06 | T3: =AVERAGE(GC_esters_raw!L10:L11) -> 19.38 | U3: =AVERAGE(GC_esters_raw!M10:M11) -> 0 | ... W3: =AVERAGE(GC_esters_raw!O10:O11) -> 0 | X3: =STDEV(GC_esters_raw!F8:F9) -> 0.021213203 | Y3: =STDEV(GC_esters_raw!G8:G9) -> 0 | Z3: =STDEV(GC_esters_raw!H8:H9) -> 0 | AA3: =STDEV(GC_esters_raw!I8:I9) -> 0.0070710678 | AB3: =STDEV(GC_esters_raw!J8:J9) -> 0.10606602 | AC3: =STDEV(GC_esters_raw!K8:K9) -> 0.028284271 | AD3: =STDEV(GC_esters_raw!L8:L9) -> 0.87681241 | AE3: =STDEV(GC_esters_raw!M8:M9) -> 0 | ... AG3: =STDEV(GC_esters_raw!O8:O9) -> 0 | AH3: =STDEV(GC_esters_raw!F10:F11) -> 0 | AI3: =STDEV(GC_esters_raw!G10:G11) -> 0 | AJ3: =STDEV(GC_esters_raw!H10:H11) -> 0 | AK3: =STDEV(GC_esters_raw!I10:I11) -> 0 | AL3: =STDEV(GC_esters_raw!J10:J11) -> 0 | AM3: =STDEV(GC_esters_raw!K10:K11) -> 0 | AN3: =STDEV(GC_esters_raw!L10:L11) -> 0 | AO3: =STDEV(GC_esters_raw!M10:M11) -> 0 | ... AQ3: =STDEV(GC_esters_raw!O10:O11) -> 0
A4: =CellCount_Viability!A4 -> 46270 | B4: =C4*24 -> 48 | C4: =IF(NOT(A4=0),A4-$A$2,"") -> 2 | D4: =AVERAGE(GC_esters_raw!F14:F15) -> 6.51125 | E4: =AVERAGE(GC_esters_raw!G14:G15) -> 0 | F4: =AVERAGE(GC_esters_raw!H14:H15) -> 0.04495 | G4: =AVERAGE(GC_esters_raw!I14:I15) -> 0.2497 | H4: =AVERAGE(GC_esters_raw!J14:J15) -> 4.43265 | I4: =AVERAGE(GC_esters_raw!K14:K15) -> 1.32705 | J4: =AVERAGE(GC_esters_raw!L14:L15) -> 34.6052 | K4: =AVERAGE(GC_esters_raw!M14:M15) -> 0.17515 | ... M4: =AVERAGE(GC_esters_raw!O14:O15) -> 2.0212 | N4: =AVERAGE(GC_esters_raw!F16:F17) -> 5.7648 | O4: =AVERAGE(GC_esters_raw!G16:G17) -> 0 | P4: =AVERAGE(GC_esters_raw!H16:H17) -> 0.0372 | Q4: =AVERAGE(GC_esters_raw!I16:I17) -> 0.2385 | R4: =AVERAGE(GC_esters_raw!J16:J17) -> 4.1779 | S4: =AVERAGE(GC_esters_raw!K16:K17) -> 1.16515 | T4: =AVERAGE(GC_esters_raw!L16:L17) -> 32.79835 | U4: =AVERAGE(GC_esters_raw!M16:M17) -> 0.1674 | ... W4: =AVERAGE(GC_esters_raw!O16:O17) -> 2.41955 | X4: =STDEV(GC_esters_raw!F14:F15) -> 0.14318912 | Y4: =STDEV(GC_esters_raw!G14:G15) -> 0 | Z4: =STDEV(GC_esters_raw!H14:H15) -> 0.002192031 | AA4: =STDEV(GC_esters_raw!I14:I15) -> 0.01145513 | AB4: =STDEV(GC_esters_raw!J14:J15) -> 0.19155523 | AC4: =STDEV(GC_esters_raw!K14:K15) -> 0.043628488 | AD4: =STDEV(GC_esters_raw!L14:L15) -> 1.4379724 | AE4: =STDEV(GC_esters_raw!M14:M15) -> 0.002192031 | ... AG4: =STDEV(GC_esters_raw!O14:O15) -> 0.15344217 | AH4: =STDEV(GC_esters_raw!F16:F17) -> 0.11398561 | AI4: =STDEV(GC_esters_raw!G16:G17) -> 0 | AJ4: =STDEV(GC_esters_raw!H16:H17) -> 0 | AK4: =STDEV(GC_esters_raw!I16:I17) -> 0.004384062 | AL4: =STDEV(GC_esters_raw!J16:J17) -> 0.061376869 | AM4: =STDEV(GC_esters_raw!K16:K17) -> 0.019728279 | AN4: =STDEV(GC_esters_raw!L16:L17) -> 0.53266354 | AO4: =STDEV(GC_esters_raw!M16:M17) -> 0.004384062 | ... AQ4: =STDEV(GC_esters_raw!O16:O17) -> 0.0635689
A5: =CellCount_Viability!A5 -> 46271 | B5: =C5*24 -> 72 | C5: =IF(NOT(A5=0),A5-$A$2,"") -> 3 | D5: =AVERAGE(GC_esters_raw!F20:F21) -> 12.13 | E5: =AVERAGE(GC_esters_raw!G20:G21) -> 0 | F5: =AVERAGE(GC_esters_raw!H20:H21) -> 0.087 | G5: =AVERAGE(GC_esters_raw!I20:I21) -> 0.357 | H5: =AVERAGE(GC_esters_raw!J20:J21) -> 6.554 | I5: =AVERAGE(GC_esters_raw!K20:K21) -> 2.503 | J5: =AVERAGE(GC_esters_raw!L20:L21) -> 47.342 | K5: =AVERAGE(GC_esters_raw!M20:M21) -> 0.339 | ... M5: =AVERAGE(GC_esters_raw!O20:O21) -> 3.912 | N5: =AVERAGE(GC_esters_raw!F22:F23) -> 10.718 | O5: =AVERAGE(GC_esters_raw!G22:G23) -> 0 | P5: =AVERAGE(GC_esters_raw!H22:H23) -> 0.072 | Q5: =AVERAGE(GC_esters_raw!I22:I23) -> 0.34 | R5: =AVERAGE(GC_esters_raw!J22:J23) -> 6.234 | S5: =AVERAGE(GC_esters_raw!K22:K23) -> 2.199 | T5: =AVERAGE(GC_esters_raw!L22:L23) -> 45.351 | U5: =AVERAGE(GC_esters_raw!M22:M23) -> 0.324 | ... W5: =AVERAGE(GC_esters_raw!O22:O23) -> 4.683 | X5: =STDEV(GC_esters_raw!F20:F21) -> 0.29698485 | Y5: =STDEV(GC_esters_raw!G20:G21) -> 0 | Z5: =STDEV(GC_esters_raw!H20:H21) -> 0.0042426407 | AA5: =STDEV(GC_esters_raw!I20:I21) -> 0.015556349 | AB5: =STDEV(GC_esters_raw!J20:J21) -> 0.271529 | AC5: =STDEV(GC_esters_raw!K20:K21) -> 0.057982756 | AD5: =STDEV(GC_esters_raw!L20:L21) -> 1.9629284 | AE5: =STDEV(GC_esters_raw!M20:M21) -> 0.0042426407 | ... AG5: =STDEV(GC_esters_raw!O20:O21) -> 0.29698485 | AH5: =STDEV(GC_esters_raw!F22:F23) -> 0.22061732 | AI5: =STDEV(GC_esters_raw!G22:G23) -> 0 | AJ5: =STDEV(GC_esters_raw!H22:H23) -> 0 | AK5: =STDEV(GC_esters_raw!I22:I23) -> 0.0084852814 | AL5: =STDEV(GC_esters_raw!J22:J23) -> 0.11879394 | AM5: =STDEV(GC_esters_raw!K22:K23) -> 0.038183766 | AN5: =STDEV(GC_esters_raw!L22:L23) -> 1.0309617 | AO5: =STDEV(GC_esters_raw!M22:M23) -> 0.0084852814 | ... AQ5: =STDEV(GC_esters_raw!O22:O23) -> 0.12303658
A6: =CellCount_Viability!A6 -> 46272 | B6: =C6*24 -> 96 | C6: =IF(NOT(A6=0),A6-$A$2,"") -> 4 | D6: =AVERAGE(GC_esters_raw!F26:F27) -> 19.88 | E6: =AVERAGE(GC_esters_raw!G26:G27) -> 0 | F6: =AVERAGE(GC_esters_raw!H26:H27) -> 0.145 | G6: =AVERAGE(GC_esters_raw!I26:I27) -> 0.505 | H6: =AVERAGE(GC_esters_raw!J26:J27) -> 9.48 | I6: =AVERAGE(GC_esters_raw!K26:K27) -> 4.125 | J6: =AVERAGE(GC_esters_raw!L26:L27) -> 64.91 | K6: =AVERAGE(GC_esters_raw!M26:M27) -> 0.565 | ... M6: =AVERAGE(GC_esters_raw!O26:O27) -> 6.52 | N6: =AVERAGE(GC_esters_raw!F28:F29) -> 17.55 | O6: =AVERAGE(GC_esters_raw!G28:G29) -> 0 | P6: =AVERAGE(GC_esters_raw!H28:H29) -> 0.12 | Q6: =AVERAGE(GC_esters_raw!I28:I29) -> 0.48 | R6: =AVERAGE(GC_esters_raw!J28:J29) -> 9.07 | S6: =AVERAGE(GC_esters_raw!K28:K29) -> 3.625 | T6: =AVERAGE(GC_esters_raw!L28:L29) -> 62.665 | U6: =AVERAGE(GC_esters_raw!M28:M29) -> 0.54 | ... W6: =AVERAGE(GC_esters_raw!O28:O29) -> 7.805 | X6: =STDEV(GC_esters_raw!F26:F27) -> 0.50911688 | Y6: =STDEV(GC_esters_raw!G26:G27) -> 0 | Z6: =STDEV(GC_esters_raw!H26:H27) -> 0.0070710678 | AA6: =STDEV(GC_esters_raw!I26:I27) -> 0.021213203 | AB6: =STDEV(GC_esters_raw!J26:J27) -> 0.38183766 | AC6: =STDEV(GC_esters_raw!K26:K27) -> 0.077781746 | AD6: =STDEV(GC_esters_raw!L26:L27) -> 2.6870058 | AE6: =STDEV(GC_esters_raw!M26:M27) -> 0.0070710678 | ... AG6: =STDEV(GC_esters_raw!O26:O27) -> 0.49497475 | AH6: =STDEV(GC_esters_raw!F28:F29) -> 0.36769553 | AI6: =STDEV(GC_esters_raw!G28:G29) -> 0 | AJ6: =STDEV(GC_esters_raw!H28:H29) -> 0 | AK6: =STDEV(GC_esters_raw!I28:I29) -> 0.014142136 | AL6: =STDEV(GC_esters_raw!J28:J29) -> 0.1979899 | AM6: =STDEV(GC_esters_raw!K28:K29) -> 0.06363961 | AN6: =STDEV(GC_esters_raw!L28:L29) -> 1.7182695 | AO6: =STDEV(GC_esters_raw!M28:M29) -> 0.014142136 | ... AQ6: =STDEV(GC_esters_raw!O28:O29) -> 0.20506097
A7: =CellCount_Viability!A7 -> 46273 | B7: =C7*24 -> 120 | C7: =IF(NOT(A7=0),A7-$A$2,"") -> 5 | D7: =AVERAGE(GC_esters_raw!F32:F33) -> 27.495 | E7: =AVERAGE(GC_esters_raw!G32:G33) -> 0 | F7: =AVERAGE(GC_esters_raw!H32:H33) -> 0.18 | G7: =AVERAGE(GC_esters_raw!I32:I33) -> 0.59 | H7: =AVERAGE(GC_esters_raw!J32:J33) -> 11.17 | I7: =AVERAGE(GC_esters_raw!K32:K33) -> 5.315 | J7: =AVERAGE(GC_esters_raw!L32:L33) -> 69.785 | K7: =AVERAGE(GC_esters_raw!M32:M33) -> 0.75 | ... M7: =AVERAGE(GC_esters_raw!O32:O33) -> 10.665 | N7: =AVERAGE(GC_esters_raw!F34:F35) -> 24.41 | O7: =AVERAGE(GC_esters_raw!G34:G35) -> 0 | P7: =AVERAGE(GC_esters_raw!H34:H35) -> 0.16 | Q7: =AVERAGE(GC_esters_raw!I34:I35) -> 0.55 | R7: =AVERAGE(GC_esters_raw!J34:J35) -> 10.71 | S7: =AVERAGE(GC_esters_raw!K34:K35) -> 4.72 | T7: =AVERAGE(GC_esters_raw!L34:L35) -> 66.865 | U7: =AVERAGE(GC_esters_raw!M34:M35) -> 0.705 | ... W7: =AVERAGE(GC_esters_raw!O34:O35) -> 12.575 | X7: =STDEV(GC_esters_raw!F32:F33) -> 0.0070710678 | Y7: =STDEV(GC_esters_raw!G32:G33) -> 0 | Z7: =STDEV(GC_esters_raw!H32:H33) -> 0 | AA7: =STDEV(GC_esters_raw!I32:I33) -> 0 | AB7: =STDEV(GC_esters_raw!J32:J33) -> 0.070710678 | AC7: =STDEV(GC_esters_raw!K32:K33) -> 0.0070710678 | AD7: =STDEV(GC_esters_raw!L32:L33) -> 0.38890873 | AE7: =STDEV(GC_esters_raw!M32:M33) -> 0 | ... AG7: =STDEV(GC_esters_raw!O32:O33) -> 0.24748737 | AH7: =STDEV(GC_esters_raw!F34:F35) -> 0.042426407 | AI7: =STDEV(GC_esters_raw!G34:G35) -> 0 | AJ7: =STDEV(GC_esters_raw!H34:H35) -> 0 | AK7: =STDEV(GC_esters_raw!I34:I35) -> 0 | AL7: =STDEV(GC_esters_raw!J34:J35) -> 0 | AM7: =STDEV(GC_esters_raw!K34:K35) -> 0.014142136 | AN7: =STDEV(GC_esters_raw!L34:L35) -> 0.0070710678 | AO7: =STDEV(GC_esters_raw!M34:M35) -> 0.0070710678 | ... AQ7: =STDEV(GC_esters_raw!O34:O35) -> 0.077781746
A8: =CellCount_Viability!A8 -> 46274 | B8: =C8*24 -> 144 | C8: =IF(NOT(A8=0),A8-$A$2,"") -> 6 | D8: =AVERAGE(GC_esters_raw!F38:F39) -> 32.33775 | E8: =AVERAGE(GC_esters_raw!G38:G39) -> 0 | F8: =AVERAGE(GC_esters_raw!H38:H39) -> 0.202 | G8: =AVERAGE(GC_esters_raw!I38:I39) -> 0.6505 | H8: =AVERAGE(GC_esters_raw!J38:J39) -> 12.083 | I8: =AVERAGE(GC_esters_raw!K38:K39) -> 5.98875 | J8: =AVERAGE(GC_esters_raw!L38:L39) -> 72.0455 | K8: =AVERAGE(GC_esters_raw!M38:M39) -> 0.79125 | ... M8: =AVERAGE(GC_esters_raw!O38:O39) -> 12.85675 | N8: =AVERAGE(GC_esters_raw!F40:F41) -> 29.305 | O8: =AVERAGE(GC_esters_raw!G40:G41) -> 0 | P8: =AVERAGE(GC_esters_raw!H40:H41) -> 0.182 | Q8: =AVERAGE(GC_esters_raw!I40:I41) -> 0.61875 | R8: =AVERAGE(GC_esters_raw!J40:J41) -> 11.85125 | S8: =AVERAGE(GC_esters_raw!K40:K41) -> 5.413 | T8: =AVERAGE(GC_esters_raw!L40:L41) -> 70.47025 | U8: =AVERAGE(GC_esters_raw!M40:M41) -> 0.7545 | ... W8: =AVERAGE(GC_esters_raw!O40:O41) -> 14.28 | X8: =STDEV(GC_esters_raw!F38:F39) -> 0.073185552 | Y8: =STDEV(GC_esters_raw!G38:G39) -> 0 | Z8: =STDEV(GC_esters_raw!H38:H39) -> 0 | AA8: =STDEV(GC_esters_raw!I38:I39) -> 0 | AB8: =STDEV(GC_esters_raw!J38:J39) -> 0.047376154 | AC8: =STDEV(GC_esters_raw!K38:K39) -> 0.0031819805 | AD8: =STDEV(GC_esters_raw!L38:L39) -> 0.10111627 | AE8: =STDEV(GC_esters_raw!M38:M39) -> 0.0038890873 | ... AG8: =STDEV(GC_esters_raw!O38:O39) -> 0.10359114 | AH8: =STDEV(GC_esters_raw!F40:F41) -> 0.10535891 | AI8: =STDEV(GC_esters_raw!G40:G41) -> 0 | AJ8: =STDEV(GC_esters_raw!H40:H41) -> 0 | AK8: =STDEV(GC_esters_raw!I40:I41) -> 0.0038890873 | AL8: =STDEV(GC_esters_raw!J40:J41) -> 0.058336309 | AM8: =STDEV(GC_esters_raw!K40:K41) -> 0.0014142136 | AN8: =STDEV(GC_esters_raw!L40:L41) -> 0.31572318 | AO8: =STDEV(GC_esters_raw!M40:M41) -> 0.0070710678 | ... AQ8: =STDEV(GC_esters_raw!O40:O41) -> 0.67670119
A9: =CellCount_Viability!A9 -> 46275 | B9: =C9*24 -> 168 | C9: =IF(NOT(A9=0),A9-$A$2,"") -> 7 | D9: =AVERAGE(GC_esters_raw!F44:F45) -> 36.3 | E9: =AVERAGE(GC_esters_raw!G44:G45) -> 0 | F9: =AVERAGE(GC_esters_raw!H44:H45) -> 0.22 | G9: =AVERAGE(GC_esters_raw!I44:I45) -> 0.7 | H9: =AVERAGE(GC_esters_raw!J44:J45) -> 12.83 | I9: =AVERAGE(GC_esters_raw!K44:K45) -> 6.54 | J9: =AVERAGE(GC_esters_raw!L44:L45) -> 73.895 | K9: =AVERAGE(GC_esters_raw!M44:M45) -> 0.825 | ... M9: =AVERAGE(GC_esters_raw!O44:O45) -> 14.65 | N9: =AVERAGE(GC_esters_raw!F46:F47) -> 33.31 | O9: =AVERAGE(GC_esters_raw!G46:G47) -> 0 | P9: =AVERAGE(GC_esters_raw!H46:H47) -> 0.2 | Q9: =AVERAGE(GC_esters_raw!I46:I47) -> 0.675 | R9: =AVERAGE(GC_esters_raw!J46:J47) -> 12.785 | S9: =AVERAGE(GC_esters_raw!K46:K47) -> 5.98 | T9: =AVERAGE(GC_esters_raw!L46:L47) -> 73.42 | U9: =AVERAGE(GC_esters_raw!M46:M47) -> 0.795 | ... W9: =AVERAGE(GC_esters_raw!O46:O47) -> 15.675 | X9: =STDEV(GC_esters_raw!F44:F45) -> 0.12727922 | Y9: =STDEV(GC_esters_raw!G44:G45) -> 0 | Z9: =STDEV(GC_esters_raw!H44:H45) -> 0 | AA9: =STDEV(GC_esters_raw!I44:I45) -> 0 | AB9: =STDEV(GC_esters_raw!J44:J45) -> 0.028284271 | AC9: =STDEV(GC_esters_raw!K44:K45) -> 0 | AD9: =STDEV(GC_esters_raw!L44:L45) -> 0.13435029 | AE9: =STDEV(GC_esters_raw!M44:M45) -> 0.0070710678 | ... AG9: =STDEV(GC_esters_raw!O44:O45) -> 0.014142136 | AH9: =STDEV(GC_esters_raw!F46:F47) -> 0.22627417 | AI9: =STDEV(GC_esters_raw!G46:G47) -> 0 | AJ9: =STDEV(GC_esters_raw!H46:H47) -> 0 | AK9: =STDEV(GC_esters_raw!I46:I47) -> 0.0070710678 | AL9: =STDEV(GC_esters_raw!J46:J47) -> 0.10606602 | AM9: =STDEV(GC_esters_raw!K46:K47) -> 0.014142136 | AN9: =STDEV(GC_esters_raw!L46:L47) -> 0.57982756 | AO9: =STDEV(GC_esters_raw!M46:M47) -> 0.0070710678 | ... AQ9: =STDEV(GC_esters_raw!O46:O47) -> 1.1667262
A10: =CellCount_Viability!A10 -> 46276 | B10: =C10*24 -> 192 | C10: =IF(NOT(A10=0),A10-$A$2,"") -> 8 | D10: =AVERAGE(GC_esters_raw!F50:F51) -> 37.51625 | E10: =AVERAGE(GC_esters_raw!G50:G51) -> 0 | F10: =AVERAGE(GC_esters_raw!H50:H51) -> 0.22175 | G10: =AVERAGE(GC_esters_raw!I50:I51) -> 0.70525 | H10: =AVERAGE(GC_esters_raw!J50:J51) -> 12.935 | I10: =AVERAGE(GC_esters_raw!K50:K51) -> 6.596 | J10: =AVERAGE(GC_esters_raw!L50:L51) -> 74.1225 | K10: =AVERAGE(GC_esters_raw!M50:M51) -> 0.8075 | ... M10: =AVERAGE(GC_esters_raw!O50:O51) -> 15.021 | N10: =AVERAGE(GC_esters_raw!F52:F53) -> 34.55425 | O10: =AVERAGE(GC_esters_raw!G52:G53) -> 0 | P10: =AVERAGE(GC_esters_raw!H52:H53) -> 0.20175 | Q10: =AVERAGE(GC_esters_raw!I52:I53) -> 0.68375 | R10: =AVERAGE(GC_esters_raw!J52:J53) -> 12.904 | S10: =AVERAGE(GC_esters_raw!K52:K53) -> 6.05175 | T10: =AVERAGE(GC_esters_raw!L52:L53) -> 73.69475 | U10: =AVERAGE(GC_esters_raw!M52:M53) -> 0.7845 | ... W10: =AVERAGE(GC_esters_raw!O52:O53) -> 16.59375 | X10: =STDEV(GC_esters_raw!F50:F51) -> 0.307945 | Y10: =STDEV(GC_esters_raw!G50:G51) -> 0 | Z10: =STDEV(GC_esters_raw!H50:H51) -> 0.0024748737 | AA10: =STDEV(GC_esters_raw!I50:I51) -> 0.0024748737 | AB10: =STDEV(GC_esters_raw!J50:J51) -> 0.11737973 | AC10: =STDEV(GC_esters_raw!K50:K51) -> 0.034648232 | AD10: =STDEV(GC_esters_raw!L50:L51) -> 0.53386562 | AE10: =STDEV(GC_esters_raw!M50:M51) -> 0.0021213203 | ... AG10: =STDEV(GC_esters_raw!O50:O51) -> 0.12940054 | AH10: =STDEV(GC_esters_raw!F52:F53) -> 0.12268303 | AI10: =STDEV(GC_esters_raw!G52:G53) -> 0 | AJ10: =STDEV(GC_esters_raw!H52:H53) -> 0.0024748737 | AK10: =STDEV(GC_esters_raw!I52:I53) -> 0.00035355339 | AL10: =STDEV(GC_esters_raw!J52:J53) -> 0.067175144 | AM10: =STDEV(GC_esters_raw!K52:K53) -> 0.037830213 | AN10: =STDEV(GC_esters_raw!L52:L53) -> 0.37794857 | AO10: =STDEV(GC_esters_raw!M52:M53) -> 0.012020815 | ... AQ10: =STDEV(GC_esters_raw!O52:O53) -> 0.76827152
A11: =CellCount_Viability!A11 -> 46277 | B11: =C11*24 -> 216 | C11: =IF(NOT(A11=0),A11-$A$2,"") -> 9 | D11: =AVERAGE(GC_esters_raw!F56:F57) -> 38.7325 | E11: =AVERAGE(GC_esters_raw!G56:G57) -> 0 | F11: =AVERAGE(GC_esters_raw!H56:H57) -> 0.2235 | G11: =AVERAGE(GC_esters_raw!I56:I57) -> 0.7105 | H11: =AVERAGE(GC_esters_raw!J56:J57) -> 13.04 | I11: =AVERAGE(GC_esters_raw!K56:K57) -> 6.652 | J11: =AVERAGE(GC_esters_raw!L56:L57) -> 74.35 | K11: =AVERAGE(GC_esters_raw!M56:M57) -> 0.79 | ... M11: =AVERAGE(GC_esters_raw!O56:O57) -> 15.392 | N11: =AVERAGE(GC_esters_raw!F58:F59) -> 35.7985 | O11: =AVERAGE(GC_esters_raw!G58:G59) -> 0 | P11: =AVERAGE(GC_esters_raw!H58:H59) -> 0.2035 | Q11: =AVERAGE(GC_esters_raw!I58:I59) -> 0.6925 | R11: =AVERAGE(GC_esters_raw!J58:J59) -> 13.023 | S11: =AVERAGE(GC_esters_raw!K58:K59) -> 6.1235 | T11: =AVERAGE(GC_esters_raw!L58:L59) -> 73.9695 | U11: =AVERAGE(GC_esters_raw!M58:M59) -> 0.774 | ... W11: =AVERAGE(GC_esters_raw!O58:O59) -> 17.5125 | X11: =STDEV(GC_esters_raw!F56:F57) -> 0.48861079 | Y11: =STDEV(GC_esters_raw!G56:G57) -> 0 | Z11: =STDEV(GC_esters_raw!H56:H57) -> 0.0049497475 | AA11: =STDEV(GC_esters_raw!I56:I57) -> 0.0049497475 | AB11: =STDEV(GC_esters_raw!J56:J57) -> 0.20647518 | AC11: =STDEV(GC_esters_raw!K56:K57) -> 0.069296465 | AD11: =STDEV(GC_esters_raw!L56:L57) -> 1.2020815 | AE11: =STDEV(GC_esters_raw!M56:M57) -> 0.0028284271 | ... AG11: =STDEV(GC_esters_raw!O56:O57) -> 0.27294322 | AH11: =STDEV(GC_esters_raw!F58:F59) -> 0.47164022 | AI11: =STDEV(GC_esters_raw!G58:G59) -> 0 | AJ11: =STDEV(GC_esters_raw!H58:H59) -> 0.0049497475 | AK11: =STDEV(GC_esters_raw!I58:I59) -> 0.0077781746 | AL11: =STDEV(GC_esters_raw!J58:J59) -> 0.24041631 | AM11: =STDEV(GC_esters_raw!K58:K59) -> 0.089802561 | AN11: =STDEV(GC_esters_raw!L58:L59) -> 1.3357247 | AO11: =STDEV(GC_esters_raw!M58:M59) -> 0.016970563 | ... AQ11: =STDEV(GC_esters_raw!O58:O59) -> 0.36981685
A12: =CellCount_Viability!A12 -> 46278 | B12: =C12*24 -> 240 | C12: =IF(NOT(A12=0),A12-$A$2,"") -> 10 | D12: =AVERAGE(GC_esters_raw!F62:F63) -> 39.775 | E12: =AVERAGE(GC_esters_raw!G62:G63) -> 0 | F12: =AVERAGE(GC_esters_raw!H62:H63) -> 0.225 | G12: =AVERAGE(GC_esters_raw!I62:I63) -> 0.715 | H12: =AVERAGE(GC_esters_raw!J62:J63) -> 13.13 | I12: =AVERAGE(GC_esters_raw!K62:K63) -> 6.7 | J12: =AVERAGE(GC_esters_raw!L62:L63) -> 74.545 | K12: =AVERAGE(GC_esters_raw!M62:M63) -> 0.775 | ... M12: =AVERAGE(GC_esters_raw!O62:O63) -> 15.71 | N12: =AVERAGE(GC_esters_raw!F59:F60) -> 35.465 | O12: =AVERAGE(GC_esters_raw!G59:G60) -> 0 | P12: =AVERAGE(GC_esters_raw!H59:H60) -> 0.2 | Q12: =AVERAGE(GC_esters_raw!I59:I60) -> 0.687 | R12: =AVERAGE(GC_esters_raw!J59:J60) -> 12.853 | S12: =AVERAGE(GC_esters_raw!K59:K60) -> 6.06 | T12: =AVERAGE(GC_esters_raw!L59:L60) -> 73.025 | U12: =AVERAGE(GC_esters_raw!M59:M60) -> 0.762 | ... W12: =AVERAGE(GC_esters_raw!O59:O60) -> 17.251 | X12: =STDEV(GC_esters_raw!F62:F63) -> 0.64346717 | Y12: =STDEV(GC_esters_raw!G62:G63) -> 0 | Z12: =STDEV(GC_esters_raw!H62:H63) -> 0.0070710678 | AA12: =STDEV(GC_esters_raw!I62:I63) -> 0.0070710678 | AB12: =STDEV(GC_esters_raw!J62:J63) -> 0.28284271 | AC12: =STDEV(GC_esters_raw!K62:K63) -> 0.098994949 | AD12: =STDEV(GC_esters_raw!L62:L63) -> 1.774838 | AE12: =STDEV(GC_esters_raw!M62:M63) -> 0.0070710678 | ... AG12: =STDEV(GC_esters_raw!O62:O63) -> 0.3959798 | AH12: =STDEV(GC_esters_raw!F59:F60) -> #DIV/0! | AI12: =STDEV(GC_esters_raw!G59:G60) -> #DIV/0! | AJ12: =STDEV(GC_esters_raw!H59:H60) -> #DIV/0! | AK12: =STDEV(GC_esters_raw!I59:I60) -> #DIV/0! | AL12: =STDEV(GC_esters_raw!J59:J60) -> #DIV/0! | AM12: =STDEV(GC_esters_raw!K59:K60) -> #DIV/0! | AN12: =STDEV(GC_esters_raw!L59:L60) -> #DIV/0! | AO12: =STDEV(GC_esters_raw!M59:M60) -> #DIV/0! | ... AQ12: =STDEV(GC_esters_raw!O59:O60) -> #DIV/0!
A13: =CellCount_Viability!A13 -> 0 | B13: =C13*24 -> #VALUE! | C13: =IF(NOT(A13=0),A13-$A$2,"") | D13: =AVERAGE(GC_esters_raw!F68:F69) -> #N/A | E13: =AVERAGE(GC_esters_raw!G68:G69) -> #N/A | F13: =AVERAGE(GC_esters_raw!H68:H69) -> #N/A | G13: =AVERAGE(GC_esters_raw!I68:I69) -> #N/A | H13: =AVERAGE(GC_esters_raw!J68:J69) -> #N/A | I13: =AVERAGE(GC_esters_raw!K68:K69) -> #N/A | J13: =AVERAGE(GC_esters_raw!L68:L69) -> #N/A | K13: =AVERAGE(GC_esters_raw!M68:M69) -> #N/A | ... M13: =AVERAGE(GC_esters_raw!O68:O69) -> #N/A | N13: =AVERAGE(GC_esters_raw!F70:F71) -> #N/A | O13: =AVERAGE(GC_esters_raw!G70:G71) -> #N/A | P13: =AVERAGE(GC_esters_raw!H70:H71) -> #N/A | Q13: =AVERAGE(GC_esters_raw!I70:I71) -> #N/A | R13: =AVERAGE(GC_esters_raw!J70:J71) -> #N/A | S13: =AVERAGE(GC_esters_raw!K70:K71) -> #N/A | T13: =AVERAGE(GC_esters_raw!L70:L71) -> #N/A | U13: =AVERAGE(GC_esters_raw!M70:M71) -> #N/A | ... W13: =AVERAGE(GC_esters_raw!O70:O71) -> #N/A | X13: =STDEV(GC_esters_raw!F68:F69) -> #N/A | Y13: =STDEV(GC_esters_raw!G68:G69) -> #N/A | Z13: =STDEV(GC_esters_raw!H68:H69) -> #N/A | AA13: =STDEV(GC_esters_raw!I68:I69) -> #N/A | AB13: =STDEV(GC_esters_raw!J68:J69) -> #N/A | AC13: =STDEV(GC_esters_raw!K68:K69) -> #N/A | AD13: =STDEV(GC_esters_raw!L68:L69) -> #N/A | AE13: =STDEV(GC_esters_raw!M68:M69) -> #N/A | ... AG13: =STDEV(GC_esters_raw!O68:O69) -> #N/A | AH13: =STDEV(GC_esters_raw!F70:F71) -> #N/A | AI13: =STDEV(GC_esters_raw!G70:G71) -> #N/A | AJ13: =STDEV(GC_esters_raw!H70:H71) -> #N/A | AK13: =STDEV(GC_esters_raw!I70:I71) -> #N/A | AL13: =STDEV(GC_esters_raw!J70:J71) -> #N/A | AM13: =STDEV(GC_esters_raw!K70:K71) -> #N/A | AN13: =STDEV(GC_esters_raw!L70:L71) -> #N/A | AO13: =STDEV(GC_esters_raw!M70:M71) -> #N/A | ... AQ13: =STDEV(GC_esters_raw!O70:O71) -> #N/A
A14: =CellCount_Viability!A14 -> 0 | B14: =C14*24 -> #VALUE! | C14: =IF(NOT(A14=0),A14-$A$2,"") | D14: =AVERAGE(GC_esters_raw!F74:F75) -> #N/A | E14: =AVERAGE(GC_esters_raw!G74:G75) -> #N/A | F14: =AVERAGE(GC_esters_raw!H74:H75) -> #N/A | G14: =AVERAGE(GC_esters_raw!I74:I75) -> #N/A | H14: =AVERAGE(GC_esters_raw!J74:J75) -> #N/A | I14: =AVERAGE(GC_esters_raw!K74:K75) -> #N/A | J14: =AVERAGE(GC_esters_raw!L74:L75) -> #N/A | K14: =AVERAGE(GC_esters_raw!M74:M75) -> #N/A | ... M14: =AVERAGE(GC_esters_raw!O74:O75) -> #N/A | N14: =AVERAGE(GC_esters_raw!F76:F77) -> #N/A | O14: =AVERAGE(GC_esters_raw!G76:G77) -> #N/A | P14: =AVERAGE(GC_esters_raw!H76:H77) -> #N/A | Q14: =AVERAGE(GC_esters_raw!I76:I77) -> #N/A | R14: =AVERAGE(GC_esters_raw!J76:J77) -> #N/A | S14: =AVERAGE(GC_esters_raw!K76:K77) -> #N/A | T14: =AVERAGE(GC_esters_raw!L76:L77) -> #N/A | U14: =AVERAGE(GC_esters_raw!M76:M77) -> #N/A | ... W14: =AVERAGE(GC_esters_raw!O76:O77) -> #N/A | X14: =STDEV(GC_esters_raw!F74:F75) -> #N/A | Y14: =STDEV(GC_esters_raw!G74:G75) -> #N/A | Z14: =STDEV(GC_esters_raw!H74:H75) -> #N/A | AA14: =STDEV(GC_esters_raw!I74:I75) -> #N/A | AB14: =STDEV(GC_esters_raw!J74:J75) -> #N/A | AC14: =STDEV(GC_esters_raw!K74:K75) -> #N/A | AD14: =STDEV(GC_esters_raw!L74:L75) -> #N/A | AE14: =STDEV(GC_esters_raw!M74:M75) -> #N/A | ... AG14: =STDEV(GC_esters_raw!O74:O75) -> #N/A | AH14: =STDEV(GC_esters_raw!F76:F77) -> #N/A | AI14: =STDEV(GC_esters_raw!G76:G77) -> #N/A | AJ14: =STDEV(GC_esters_raw!H76:H77) -> #N/A | AK14: =STDEV(GC_esters_raw!I76:I77) -> #N/A | AL14: =STDEV(GC_esters_raw!J76:J77) -> #N/A | AM14: =STDEV(GC_esters_raw!K76:K77) -> #N/A | AN14: =STDEV(GC_esters_raw!L76:L77) -> #N/A | AO14: =STDEV(GC_esters_raw!M76:M77) -> #N/A | ... AQ14: =STDEV(GC_esters_raw!O76:O77) -> #N/A
A15: =CellCount_Viability!A15 -> 0 | B15: =C15*24 -> #VALUE! | C15: =IF(NOT(A15=0),A15-$A$2,"") | D15: =AVERAGE(GC_esters_raw!F80:F81) -> #N/A | E15: =AVERAGE(GC_esters_raw!G80:G81) -> #N/A | F15: =AVERAGE(GC_esters_raw!H80:H81) -> #N/A | G15: =AVERAGE(GC_esters_raw!I80:I81) -> #N/A | H15: =AVERAGE(GC_esters_raw!J80:J81) -> #N/A | I15: =AVERAGE(GC_esters_raw!K80:K81) -> #N/A | J15: =AVERAGE(GC_esters_raw!L80:L81) -> #N/A | K15: =AVERAGE(GC_esters_raw!M80:M81) -> #N/A | ... M15: =AVERAGE(GC_esters_raw!O80:O81) -> #N/A | N15: =AVERAGE(GC_esters_raw!F82:F83) -> #N/A | O15: =AVERAGE(GC_esters_raw!G82:G83) -> #N/A | P15: =AVERAGE(GC_esters_raw!H82:H83) -> #N/A | Q15: =AVERAGE(GC_esters_raw!I82:I83) -> #N/A | R15: =AVERAGE(GC_esters_raw!J82:J83) -> #N/A | S15: =AVERAGE(GC_esters_raw!K82:K83) -> #N/A | T15: =AVERAGE(GC_esters_raw!L82:L83) -> #N/A | U15: =AVERAGE(GC_esters_raw!M82:M83) -> #N/A | ... W15: =AVERAGE(GC_esters_raw!O82:O83) -> #N/A | X15: =STDEV(GC_esters_raw!F80:F81) -> #N/A | Y15: =STDEV(GC_esters_raw!G80:G81) -> #N/A | Z15: =STDEV(GC_esters_raw!H80:H81) -> #N/A | AA15: =STDEV(GC_esters_raw!I80:I81) -> #N/A | AB15: =STDEV(GC_esters_raw!J80:J81) -> #N/A | AC15: =STDEV(GC_esters_raw!K80:K81) -> #N/A | AD15: =STDEV(GC_esters_raw!L80:L81) -> #N/A | AE15: =STDEV(GC_esters_raw!M80:M81) -> #N/A | ... AG15: =STDEV(GC_esters_raw!O80:O81) -> #N/A | AH15: =STDEV(GC_esters_raw!F82:F83) -> #N/A | AI15: =STDEV(GC_esters_raw!G82:G83) -> #N/A | AJ15: =STDEV(GC_esters_raw!H82:H83) -> #N/A | AK15: =STDEV(GC_esters_raw!I82:I83) -> #N/A | AL15: =STDEV(GC_esters_raw!J82:J83) -> #N/A | AM15: =STDEV(GC_esters_raw!K82:K83) -> #N/A | AN15: =STDEV(GC_esters_raw!L82:L83) -> #N/A | AO15: =STDEV(GC_esters_raw!M82:M83) -> #N/A | ... AQ15: =STDEV(GC_esters_raw!O82:O83) -> #N/A
A16: =CellCount_Viability!A16 -> 0 | B16: =C16*24 -> #VALUE! | C16: =IF(NOT(A16=0),A16-$A$2,"") | D16: =AVERAGE(GC_esters_raw!F86:F87) -> #N/A | E16: =AVERAGE(GC_esters_raw!G86:G87) -> #N/A | F16: =AVERAGE(GC_esters_raw!H86:H87) -> #N/A | G16: =AVERAGE(GC_esters_raw!I86:I87) -> #N/A | H16: =AVERAGE(GC_esters_raw!J86:J87) -> #N/A | I16: =AVERAGE(GC_esters_raw!K86:K87) -> #N/A | J16: =AVERAGE(GC_esters_raw!L86:L87) -> #N/A | K16: =AVERAGE(GC_esters_raw!M86:M87) -> #N/A | ... M16: =AVERAGE(GC_esters_raw!O86:O87) -> #N/A | N16: =AVERAGE(GC_esters_raw!F88:F89) -> #N/A | O16: =AVERAGE(GC_esters_raw!G88:G89) -> #N/A | P16: =AVERAGE(GC_esters_raw!H88:H89) -> #N/A | Q16: =AVERAGE(GC_esters_raw!I88:I89) -> #N/A | R16: =AVERAGE(GC_esters_raw!J88:J89) -> #N/A | S16: =AVERAGE(GC_esters_raw!K88:K89) -> #N/A | T16: =AVERAGE(GC_esters_raw!L88:L89) -> #N/A | U16: =AVERAGE(GC_esters_raw!M88:M89) -> #N/A | ... W16: =AVERAGE(GC_esters_raw!O88:O89) -> #N/A | X16: =STDEV(GC_esters_raw!F86:F87) -> #N/A | Y16: =STDEV(GC_esters_raw!G86:G87) -> #N/A | Z16: =STDEV(GC_esters_raw!H86:H87) -> #N/A | AA16: =STDEV(GC_esters_raw!I86:I87) -> #N/A | AB16: =STDEV(GC_esters_raw!J86:J87) -> #N/A | AC16: =STDEV(GC_esters_raw!K86:K87) -> #N/A | AD16: =STDEV(GC_esters_raw!L86:L87) -> #N/A | AE16: =STDEV(GC_esters_raw!M86:M87) -> #N/A | ... AG16: =STDEV(GC_esters_raw!O86:O87) -> #N/A | AH16: =STDEV(GC_esters_raw!F88:F89) -> #N/A | AI16: =STDEV(GC_esters_raw!G88:G89) -> #N/A | AJ16: =STDEV(GC_esters_raw!H88:H89) -> #N/A | AK16: =STDEV(GC_esters_raw!I88:I89) -> #N/A | AL16: =STDEV(GC_esters_raw!J88:J89) -> #N/A | AM16: =STDEV(GC_esters_raw!K88:K89) -> #N/A | AN16: =STDEV(GC_esters_raw!L88:L89) -> #N/A | AO16: =STDEV(GC_esters_raw!M88:M89) -> #N/A | ... AQ16: =STDEV(GC_esters_raw!O88:O89) -> #N/A
A17: =CellCount_Viability!A17 -> 0 | B17: =C17*24 -> #VALUE! | C17: =IF(NOT(A17=0),A17-$A$2,"") | D17: =AVERAGE(GC_esters_raw!F92:F93) -> #N/A | E17: =AVERAGE(GC_esters_raw!G92:G93) -> #N/A | F17: =AVERAGE(GC_esters_raw!H92:H93) -> #N/A | G17: =AVERAGE(GC_esters_raw!I92:I93) -> #N/A | H17: =AVERAGE(GC_esters_raw!J92:J93) -> #N/A | I17: =AVERAGE(GC_esters_raw!K92:K93) -> #N/A | J17: =AVERAGE(GC_esters_raw!L92:L93) -> #N/A | K17: =AVERAGE(GC_esters_raw!M92:M93) -> #N/A | ... M17: =AVERAGE(GC_esters_raw!O92:O93) -> #N/A | N17: =AVERAGE(GC_esters_raw!F94:F95) -> #N/A | O17: =AVERAGE(GC_esters_raw!G94:G95) -> #N/A | P17: =AVERAGE(GC_esters_raw!H94:H95) -> #N/A | Q17: =AVERAGE(GC_esters_raw!I94:I95) -> #N/A | R17: =AVERAGE(GC_esters_raw!J94:J95) -> #N/A | S17: =AVERAGE(GC_esters_raw!K94:K95) -> #N/A | T17: =AVERAGE(GC_esters_raw!L94:L95) -> #N/A | U17: =AVERAGE(GC_esters_raw!M94:M95) -> #N/A | ... W17: =AVERAGE(GC_esters_raw!O94:O95) -> #N/A | X17: =STDEV(GC_esters_raw!F92:F93) -> #N/A | Y17: =STDEV(GC_esters_raw!G92:G93) -> #N/A | Z17: =STDEV(GC_esters_raw!H92:H93) -> #N/A | AA17: =STDEV(GC_esters_raw!I92:I93) -> #N/A | AB17: =STDEV(GC_esters_raw!J92:J93) -> #N/A | AC17: =STDEV(GC_esters_raw!K92:K93) -> #N/A | AD17: =STDEV(GC_esters_raw!L92:L93) -> #N/A | AE17: =STDEV(GC_esters_raw!M92:M93) -> #N/A | ... AG17: =STDEV(GC_esters_raw!O92:O93) -> #N/A | AH17: =STDEV(GC_esters_raw!F94:F95) -> #N/A | AI17: =STDEV(GC_esters_raw!G94:G95) -> #N/A | AJ17: =STDEV(GC_esters_raw!H94:H95) -> #N/A | AK17: =STDEV(GC_esters_raw!I94:I95) -> #N/A | AL17: =STDEV(GC_esters_raw!J94:J95) -> #N/A | AM17: =STDEV(GC_esters_raw!K94:K95) -> #N/A | AN17: =STDEV(GC_esters_raw!L94:L95) -> #N/A | AO17: =STDEV(GC_esters_raw!M94:M95) -> #N/A | ... AQ17: =STDEV(GC_esters_raw!O94:O95) -> #N/A
A18: =CellCount_Viability!A18 -> 0 | B18: =C18*24 -> #VALUE! | C18: =IF(NOT(A18=0),A18-$A$2,"") | D18: =AVERAGE(GC_esters_raw!F98:F99) -> #N/A | E18: =AVERAGE(GC_esters_raw!G98:G99) -> #N/A | F18: =AVERAGE(GC_esters_raw!H98:H99) -> #N/A | G18: =AVERAGE(GC_esters_raw!I98:I99) -> #N/A | H18: =AVERAGE(GC_esters_raw!J98:J99) -> #N/A | I18: =AVERAGE(GC_esters_raw!K98:K99) -> #N/A | J18: =AVERAGE(GC_esters_raw!L98:L99) -> #N/A | K18: =AVERAGE(GC_esters_raw!M98:M99) -> #N/A | ... M18: =AVERAGE(GC_esters_raw!O98:O99) -> #N/A | N18: =AVERAGE(GC_esters_raw!F100:F101) -> #N/A | O18: =AVERAGE(GC_esters_raw!G100:G101) -> #N/A | P18: =AVERAGE(GC_esters_raw!H100:H101) -> #N/A | Q18: =AVERAGE(GC_esters_raw!I100:I101) -> #N/A | R18: =AVERAGE(GC_esters_raw!J100:J101) -> #N/A | S18: =AVERAGE(GC_esters_raw!K100:K101) -> #N/A | T18: =AVERAGE(GC_esters_raw!L100:L101) -> #N/A | U18: =AVERAGE(GC_esters_raw!M100:M101) -> #N/A | ... W18: =AVERAGE(GC_esters_raw!O100:O101) -> #N/A | X18: =STDEV(GC_esters_raw!F98:F99) -> #N/A | Y18: =STDEV(GC_esters_raw!G98:G99) -> #N/A | Z18: =STDEV(GC_esters_raw!H98:H99) -> #N/A | AA18: =STDEV(GC_esters_raw!I98:I99) -> #N/A | AB18: =STDEV(GC_esters_raw!J98:J99) -> #N/A | AC18: =STDEV(GC_esters_raw!K98:K99) -> #N/A | AD18: =STDEV(GC_esters_raw!L98:L99) -> #N/A | AE18: =STDEV(GC_esters_raw!M98:M99) -> #N/A | ... AG18: =STDEV(GC_esters_raw!O98:O99) -> #N/A | AH18: =STDEV(GC_esters_raw!F100:F101) -> #N/A | AI18: =STDEV(GC_esters_raw!G100:G101) -> #N/A | AJ18: =STDEV(GC_esters_raw!H100:H101) -> #N/A | AK18: =STDEV(GC_esters_raw!I100:I101) -> #N/A | AL18: =STDEV(GC_esters_raw!J100:J101) -> #N/A | AM18: =STDEV(GC_esters_raw!K100:K101) -> #N/A | AN18: =STDEV(GC_esters_raw!L100:L101) -> #N/A | AO18: =STDEV(GC_esters_raw!M100:M101) -> #N/A | ... AQ18: =STDEV(GC_esters_raw!O100:O101) -> #N/A
A19: =CellCount_Viability!A19 -> 0 | B19: =C19*24 -> #VALUE! | C19: =IF(NOT(A19=0),A19-$A$2,"") | D19: =AVERAGE(GC_esters_raw!F104:F105) -> #N/A | E19: =AVERAGE(GC_esters_raw!G104:G105) -> #N/A | F19: =AVERAGE(GC_esters_raw!H104:H105) -> #N/A | G19: =AVERAGE(GC_esters_raw!I104:I105) -> #N/A | H19: =AVERAGE(GC_esters_raw!J104:J105) -> #N/A | I19: =AVERAGE(GC_esters_raw!K104:K105) -> #N/A | J19: =AVERAGE(GC_esters_raw!L104:L105) -> #N/A | K19: =AVERAGE(GC_esters_raw!M104:M105) -> #N/A | ... M19: =AVERAGE(GC_esters_raw!O104:O105) -> #N/A | N19: =AVERAGE(GC_esters_raw!F106:F107) -> #N/A | O19: =AVERAGE(GC_esters_raw!G106:G107) -> #N/A | P19: =AVERAGE(GC_esters_raw!H106:H107) -> #N/A | Q19: =AVERAGE(GC_esters_raw!I106:I107) -> #N/A | R19: =AVERAGE(GC_esters_raw!J106:J107) -> #N/A | S19: =AVERAGE(GC_esters_raw!K106:K107) -> #N/A | T19: =AVERAGE(GC_esters_raw!L106:L107) -> #N/A | U19: =AVERAGE(GC_esters_raw!M106:M107) -> #N/A | ... W19: =AVERAGE(GC_esters_raw!O106:O107) -> #N/A | X19: =STDEV(GC_esters_raw!F104:F105) -> #N/A | Y19: =STDEV(GC_esters_raw!G104:G105) -> #N/A | Z19: =STDEV(GC_esters_raw!H104:H105) -> #N/A | AA19: =STDEV(GC_esters_raw!I104:I105) -> #N/A | AB19: =STDEV(GC_esters_raw!J104:J105) -> #N/A | AC19: =STDEV(GC_esters_raw!K104:K105) -> #N/A | AD19: =STDEV(GC_esters_raw!L104:L105) -> #N/A | AE19: =STDEV(GC_esters_raw!M104:M105) -> #N/A | ... AG19: =STDEV(GC_esters_raw!O104:O105) -> #N/A | AH19: =STDEV(GC_esters_raw!F106:F107) -> #N/A | AI19: =STDEV(GC_esters_raw!G106:G107) -> #N/A | AJ19: =STDEV(GC_esters_raw!H106:H107) -> #N/A | AK19: =STDEV(GC_esters_raw!I106:I107) -> #N/A | AL19: =STDEV(GC_esters_raw!J106:J107) -> #N/A | AM19: =STDEV(GC_esters_raw!K106:K107) -> #N/A | AN19: =STDEV(GC_esters_raw!L106:L107) -> #N/A | AO19: =STDEV(GC_esters_raw!M106:M107) -> #N/A | ... AQ19: =STDEV(GC_esters_raw!O106:O107) -> #N/A
A20: =CellCount_Viability!A20 -> 0 | B20: =C20*24 -> #VALUE! | C20: =IF(NOT(A20=0),A20-$A$2,"") | D20: =AVERAGE(GC_esters_raw!F110:F111) -> #N/A | E20: =AVERAGE(GC_esters_raw!G110:G111) -> #N/A | F20: =AVERAGE(GC_esters_raw!H110:H111) -> #N/A | G20: =AVERAGE(GC_esters_raw!I110:I111) -> #N/A | H20: =AVERAGE(GC_esters_raw!J110:J111) -> #N/A | I20: =AVERAGE(GC_esters_raw!K110:K111) -> #N/A | J20: =AVERAGE(GC_esters_raw!L110:L111) -> #N/A | K20: =AVERAGE(GC_esters_raw!M110:M111) -> #N/A | ... M20: =AVERAGE(GC_esters_raw!O110:O111) -> #N/A | N20: =AVERAGE(GC_esters_raw!F112:F113) -> #N/A | O20: =AVERAGE(GC_esters_raw!G112:G113) -> #N/A | P20: =AVERAGE(GC_esters_raw!H112:H113) -> #N/A | Q20: =AVERAGE(GC_esters_raw!I112:I113) -> #N/A | R20: =AVERAGE(GC_esters_raw!J112:J113) -> #N/A | S20: =AVERAGE(GC_esters_raw!K112:K113) -> #N/A | T20: =AVERAGE(GC_esters_raw!L112:L113) -> #N/A | U20: =AVERAGE(GC_esters_raw!M112:M113) -> #N/A | ... W20: =AVERAGE(GC_esters_raw!O112:O113) -> #N/A | X20: =STDEV(GC_esters_raw!F110:F111) -> #N/A | Y20: =STDEV(GC_esters_raw!G110:G111) -> #N/A | Z20: =STDEV(GC_esters_raw!H110:H111) -> #N/A | AA20: =STDEV(GC_esters_raw!I110:I111) -> #N/A | AB20: =STDEV(GC_esters_raw!J110:J111) -> #N/A | AC20: =STDEV(GC_esters_raw!K110:K111) -> #N/A | AD20: =STDEV(GC_esters_raw!L110:L111) -> #N/A | AE20: =STDEV(GC_esters_raw!M110:M111) -> #N/A | ... AG20: =STDEV(GC_esters_raw!O110:O111) -> #N/A | AH20: =STDEV(GC_esters_raw!F112:F113) -> #N/A | AI20: =STDEV(GC_esters_raw!G112:G113) -> #N/A | AJ20: =STDEV(GC_esters_raw!H112:H113) -> #N/A | AK20: =STDEV(GC_esters_raw!I112:I113) -> #N/A | AL20: =STDEV(GC_esters_raw!J112:J113) -> #N/A | AM20: =STDEV(GC_esters_raw!K112:K113) -> #N/A | AN20: =STDEV(GC_esters_raw!L112:L113) -> #N/A | AO20: =STDEV(GC_esters_raw!M112:M113) -> #N/A | ... AQ20: =STDEV(GC_esters_raw!O112:O113) -> #N/A
A21: =CellCount_Viability!A21 -> 0 | B21: =C21*24 -> #VALUE! | C21: =IF(NOT(A21=0),A21-$A$2,"") | D21: =AVERAGE(GC_esters_raw!F116:F117) -> #N/A | E21: =AVERAGE(GC_esters_raw!G116:G117) -> #N/A | F21: =AVERAGE(GC_esters_raw!H116:H117) -> #N/A | G21: =AVERAGE(GC_esters_raw!I116:I117) -> #N/A | H21: =AVERAGE(GC_esters_raw!J116:J117) -> #N/A | I21: =AVERAGE(GC_esters_raw!K116:K117) -> #N/A | J21: =AVERAGE(GC_esters_raw!L116:L117) -> #N/A | K21: =AVERAGE(GC_esters_raw!M116:M117) -> #N/A | ... M21: =AVERAGE(GC_esters_raw!O116:O117) -> #N/A | N21: =AVERAGE(GC_esters_raw!F118:F119) -> #N/A | O21: =AVERAGE(GC_esters_raw!G118:G119) -> #N/A | P21: =AVERAGE(GC_esters_raw!H118:H119) -> #N/A | Q21: =AVERAGE(GC_esters_raw!I118:I119) -> #N/A | R21: =AVERAGE(GC_esters_raw!J118:J119) -> #N/A | S21: =AVERAGE(GC_esters_raw!K118:K119) -> #N/A | T21: =AVERAGE(GC_esters_raw!L118:L119) -> #N/A | U21: =AVERAGE(GC_esters_raw!M118:M119) -> #N/A | ... W21: =AVERAGE(GC_esters_raw!O118:O119) -> #N/A | X21: =STDEV(GC_esters_raw!F116:F117) -> #N/A | Y21: =STDEV(GC_esters_raw!G116:G117) -> #N/A | Z21: =STDEV(GC_esters_raw!H116:H117) -> #N/A | AA21: =STDEV(GC_esters_raw!I116:I117) -> #N/A | AB21: =STDEV(GC_esters_raw!J116:J117) -> #N/A | AC21: =STDEV(GC_esters_raw!K116:K117) -> #N/A | AD21: =STDEV(GC_esters_raw!L116:L117) -> #N/A | AE21: =STDEV(GC_esters_raw!M116:M117) -> #N/A | ... AG21: =STDEV(GC_esters_raw!O116:O117) -> #N/A | AH21: =STDEV(GC_esters_raw!F118:F119) -> #N/A | AI21: =STDEV(GC_esters_raw!G118:G119) -> #N/A | AJ21: =STDEV(GC_esters_raw!H118:H119) -> #N/A | AK21: =STDEV(GC_esters_raw!I118:I119) -> #N/A | AL21: =STDEV(GC_esters_raw!J118:J119) -> #N/A | AM21: =STDEV(GC_esters_raw!K118:K119) -> #N/A | AN21: =STDEV(GC_esters_raw!L118:L119) -> #N/A | AO21: =STDEV(GC_esters_raw!M118:M119) -> #N/A | ... AQ21: =STDEV(GC_esters_raw!O118:O119) -> #N/A

Sheet GC_ketones
A1: Date | B1: Time (h) | C1: Time (days) | D1: 1 Diacetyl | E1: 1 2,3-Pentanedione | F1: 2 Diacetyl | G1: 2 2,3-Pentanedione | H1: StDev 1 Diacetyl | I1: StDev 1 2,3-Pentanedione | J1: StDev 2 Diacetyl | K1: StDev 2 2,3-Pentanedione
A2: =CellCount_Viability!A2 -> 46268 | B2: =C2*24 -> 0 | C2: =IF(NOT(A2=0),A2-$A$2,"") -> 0 | D2: =AVERAGE(GC_ketones_raw!F2:F3) -> 112.435 | E2: =AVERAGE(GC_ketones_raw!G2:G3) -> 24.69 | F2: =AVERAGE(GC_ketones_raw!F4:F5) -> 105.03 | G2: =AVERAGE(GC_ketones_raw!G4:G5) -> 24.5 | H2: =STDEV(GC_ketones_raw!F2:F3) -> 0 | I2: =STDEV(GC_ketones_raw!G2:G3) -> 0 | J2: =STDEV(GC_ketones_raw!F4:F5) -> 0 | K2: =STDEV(GC_ketones_raw!G4:G5) -> 0
A3: =CellCount_Viability!A3 -> 46269 | B3: =C3*24 -> 24 | C3: =IF(NOT(A3=0),A3-$A$2,"") -> 1 | D3: =AVERAGE(GC_ketones_raw!F8:F9) -> 626.325 | E3: =AVERAGE(GC_ketones_raw!G8:G9) -> 384.27 | F3: =AVERAGE(GC_ketones_raw!F10:F11) -> 621.815 | G3: =AVERAGE(GC_ketones_raw!G10:G11) -> 367.46 | H3: =STDEV(GC_ketones_raw!F8:F9) -> 21.432407 | I3: =STDEV(GC_ketones_raw!G8:G9) -> 6.9296465 | J3: =STDEV(GC_ketones_raw!F10:F11) -> 15.29472 | K3: =STDEV(GC_ketones_raw!G10:G11) -> 4.8790368
A4: =CellCount_Viability!A4 -> 46270 | B4: =C4*24 -> 48 | C4: =IF(NOT(A4=0),A4-$A$2,"") -> 2 | D4: =AVERAGE(GC_ketones_raw!F14:F15) -> 697.5 | E4: =AVERAGE(GC_ketones_raw!G14:G15) -> 451.5 | F4: =AVERAGE(GC_ketones_raw!F16:F17) -> 687.5 | G4: =AVERAGE(GC_ketones_raw!G16:G17) -> 487 | H4: =STDEV(GC_ketones_raw!F14:F15) -> 3.5355339 | I4: =STDEV(GC_ketones_raw!G14:G15) -> 55.861436 | J4: =STDEV(GC_ketones_raw!F16:F17) -> 3.5355339 | K4: =STDEV(GC_ketones_raw!G16:G17) -> 19.79899
A5: =CellCount_Viability!A5 -> 46271 | B5: =C5*24 -> 72 | C5: =IF(NOT(A5=0),A5-$A$2,"") -> 3 | D5: =AVERAGE(GC_ketones_raw!F20:F21) -> 710 | E5: =AVERAGE(GC_ketones_raw!G20:G21) -> 622.08 | F5: =AVERAGE(GC_ketones_raw!F22:F23) -> 605 | G5: =AVERAGE(GC_ketones_raw!G22:G23) -> 570.675 | H5: =STDEV(GC_ketones_raw!F20:F21) -> 21.213203 | I5: =STDEV(GC_ketones_raw!G20:G21) -> 36.274578 | J5: =STDEV(GC_ketones_raw!F22:F23) -> 107.48023 | K5: =STDEV(GC_ketones_raw!G22:G23) -> 1.8596908
A6: =CellCount_Viability!A6 -> 46272 | B6: =C6*24 -> 96 | C6: =IF(NOT(A6=0),A6-$A$2,"") -> 4 | D6: =AVERAGE(GC_ketones_raw!F26:F27) -> 1026.63 | E6: =AVERAGE(GC_ketones_raw!G26:G27) -> 801.055 | F6: =AVERAGE(GC_ketones_raw!F28:F29) -> 821.04 | G6: =AVERAGE(GC_ketones_raw!G28:G29) -> 739.18 | H6: =STDEV(GC_ketones_raw!F26:F27) -> 100.14046 | I6: =STDEV(GC_ketones_raw!G26:G27) -> 44.56894 | J6: =STDEV(GC_ketones_raw!F28:F29) -> 252.43712 | K6: =STDEV(GC_ketones_raw!G28:G29) -> 1.2303658
A7: =CellCount_Viability!A7 -> 46273 | B7: =C7*24 -> 120 | C7: =IF(NOT(A7=0),A7-$A$2,"") -> 5 | D7: =AVERAGE(GC_ketones_raw!F32:F33) -> 602.045 | E7: =AVERAGE(GC_ketones_raw!G32:G33) -> 774.875 | F7: =AVERAGE(GC_ketones_raw!F34:F35) -> 589.825 | G7: =AVERAGE(GC_ketones_raw!G34:G35) -> 858.655 | H7: =STDEV(GC_ketones_raw!F32:F33) -> 25.901321 | I7: =STDEV(GC_ketones_raw!G32:G33) -> 12.918841 | J7: =STDEV(GC_ketones_raw!F34:F35) -> 6.8942911 | K7: =STDEV(GC_ketones_raw!G34:G35) -> 2.2132442
A8: =CellCount_Viability!A8 -> 46274 | B8: =C8*24 -> 144 | C8: =IF(NOT(A8=0),A8-$A$2,"") -> 6 | D8: =AVERAGE(GC_ketones_raw!F38:F39) -> 446.8175 | E8: =AVERAGE(GC_ketones_raw!G38:G39) -> 539.1825 | F8: =AVERAGE(GC_ketones_raw!F40:F41) -> 410.585 | G8: =AVERAGE(GC_ketones_raw!G40:G41) -> 595.39 | H8: =STDEV(GC_ketones_raw!F38:F39) -> 27.736263 | I8: =STDEV(GC_ketones_raw!G38:G39) -> 15.178047 | J8: =STDEV(GC_ketones_raw!F40:F41) -> 9.4469466 | K8: =STDEV(GC_ketones_raw!G40:G41) -> 1.9940411
A9: =CellCount_Viability!A9 -> 46275 | B9: =C9*24 -> 168 | C9: =IF(NOT(A9=0),A9-$A$2,"") -> 7 | D9: =AVERAGE(GC_ketones_raw!F44:F45) -> 384.7265 | E9: =AVERAGE(GC_ketones_raw!G44:G45) -> 444.9055 | F9: =AVERAGE(GC_ketones_raw!F46:F47) -> 338.889 | G9: =AVERAGE(GC_ketones_raw!G46:G47) -> 490.084 | H9: =STDEV(GC_ketones_raw!F44:F45) -> 49.191297 | I9: =STDEV(GC_ketones_raw!G44:G45) -> 16.08173 | J9: =STDEV(GC_ketones_raw!F46:F47) -> 10.468009 | K9: =STDEV(GC_ketones_raw!G46:G47) -> 1.9063599
A10: =CellCount_Viability!A10 -> 46276 | B10: =C10*24 -> 192 | C10: =IF(NOT(A10=0),A10-$A$2,"") -> 8 | D10: =AVERAGE(GC_ketones_raw!F50:F51) -> 291.59 | E10: =AVERAGE(GC_ketones_raw!G50:G51) -> 303.49 | F10: =AVERAGE(GC_ketones_raw!F52:F53) -> 231.345 | G10: =AVERAGE(GC_ketones_raw!G52:G53) -> 332.125 | H10: =STDEV(GC_ketones_raw!F50:F51) -> 81.373848 | I10: =STDEV(GC_ketones_raw!G50:G51) -> 17.437253 | J10: =STDEV(GC_ketones_raw!F52:F53) -> 11.999602 | K10: =STDEV(GC_ketones_raw!G52:G53) -> 1.774838
A11: =CellCount_Viability!A11 -> 46277 | B11: =C11*24 -> 216 | C11: =IF(NOT(A11=0),A11-$A$2,"") -> 9 | D11: =AVERAGE(GC_ketones_raw!F56:F57) -> 98 | E11: =AVERAGE(GC_ketones_raw!G56:G57) -> 101 | F11: =AVERAGE(GC_ketones_raw!F58:F59) -> 92 | G11: =AVERAGE(GC_ketones_raw!G58:G59) -> 89.5 | H11: =STDEV(GC_ketones_raw!F56:F57) -> 9.8994949 | I11: =STDEV(GC_ketones_raw!G56:G57) -> 4.2426407 | J11: =STDEV(GC_ketones_raw!F58:F59) -> 9.8994949 | K11: =STDEV(GC_ketones_raw!G58:G59) -> 16.263456
A12: =CellCount_Viability!A12 -> 46278 | B12: =C12*24 -> 240 | C12: =IF(NOT(A12=0),A12-$A$2,"") -> 10 | D12: =AVERAGE(GC_ketones_raw!F62:F63) -> 78.5 | E12: =AVERAGE(GC_ketones_raw!G62:G63) -> 57.5 | F12: =AVERAGE(GC_ketones_raw!F59:F60) -> 85 | G12: =AVERAGE(GC_ketones_raw!G59:G60) -> 101 | H12: =STDEV(GC_ketones_raw!F62:F63) -> 3.5355339 | I12: =STDEV(GC_ketones_raw!G62:G63) -> 3.5355339 | J12: =STDEV(GC_ketones_raw!F59:F60) -> #DIV/0! | K12: =STDEV(GC_ketones_raw!G59:G60) -> #DIV/0!
A13: =CellCount_Viability!A13 -> 0 | B13: =C13*24 -> #VALUE! | C13: =IF(NOT(A13=0),A13-$A$2,"") | D13: =AVERAGE(GC_ketones_raw!F68:F69) -> #N/A | E13: =AVERAGE(GC_ketones_raw!G68:G69) -> #N/A | F13: =AVERAGE(GC_ketones_raw!F70:F71) -> #N/A | G13: =AVERAGE(GC_ketones_raw!G70:G71) -> #N/A | H13: =STDEV(GC_ketones_raw!F68:F69) -> #N/A | I13: =STDEV(GC_ketones_raw!G68:G69) -> #N/A | J13: =STDEV(GC_ketones_raw!F70:F71) -> #N/A | K13: =STDEV(GC_ketones_raw!G70:G71) -> #N/A
A14: =CellCount_Viability!A14 -> 0 | B14: =C14*24 -> #VALUE! | C14: =IF(NOT(A14=0),A14-$A$2,"") | D14: =AVERAGE(GC_ketones_raw!F74:F75) -> #N/A | E14: =AVERAGE(GC_ketones_raw!G74:G75) -> #N/A | F14: =AVERAGE(GC_ketones_raw!F76:F77) -> #N/A | G14: =AVERAGE(GC_ketones_raw!G76:G77) -> #N/A | H14: =STDEV(GC_ketones_raw!F74:F75) -> #N/A | I14: =STDEV(GC_ketones_raw!G74:G75) -> #N/A | J14: =STDEV(GC_ketones_raw!F76:F77) -> #N/A | K14: =STDEV(GC_ketones_raw!G76:G77) -> #N/A
A15: =CellCount_Viability!A15 -> 0 | B15: =C15*24 -> #VALUE! | C15: =IF(NOT(A15=0),A15-$A$2,"") | D15: =AVERAGE(GC_ketones_raw!F80:F81) -> #N/A | E15: =AVERAGE(GC_ketones_raw!G80:G81) -> #N/A | F15: =AVERAGE(GC_ketones_raw!F82:F83) -> #N/A | G15: =AVERAGE(GC_ketones_raw!G82:G83) -> #N/A | H15: =STDEV(GC_ketones_raw!F80:F81) -> #N/A | I15: =STDEV(GC_ketones_raw!G80:G81) -> #N/A | J15: =STDEV(GC_ketones_raw!F82:F83) -> #N/A | K15: =STDEV(GC_ketones_raw!G82:G83) -> #N/A
A16: =CellCount_Viability!A16 -> 0 | B16: =C16*24 -> #VALUE! | C16: =IF(NOT(A16=0),A16-$A$2,"") | D16: =AVERAGE(GC_ketones_raw!F86:F87) -> #N/A | E16: =AVERAGE(GC_ketones_raw!G86:G87) -> #N/A | F16: =AVERAGE(GC_ketones_raw!F88:F89) -> #N/A | G16: =AVERAGE(GC_ketones_raw!G88:G89) -> #N/A | H16: =STDEV(GC_ketones_raw!F86:F87) -> #N/A | I16: =STDEV(GC_ketones_raw!G86:G87) -> #N/A | J16: =STDEV(GC_ketones_raw!F88:F89) -> #N/A | K16: =STDEV(GC_ketones_raw!G88:G89) -> #N/A
A17: =CellCount_Viability!A17 -> 0 | B17: =C17*24 -> #VALUE! | C17: =IF(NOT(A17=0),A17-$A$2,"") | D17: =AVERAGE(GC_ketones_raw!F92:F93) -> #N/A | E17: =AVERAGE(GC_ketones_raw!G92:G93) -> #N/A | F17: =AVERAGE(GC_ketones_raw!F94:F95) -> #N/A | G17: =AVERAGE(GC_ketones_raw!G94:G95) -> #N/A | H17: =STDEV(GC_ketones_raw!F92:F93) -> #N/A | I17: =STDEV(GC_ketones_raw!G92:G93) -> #N/A | J17: =STDEV(GC_ketones_raw!F94:F95) -> #N/A | K17: =STDEV(GC_ketones_raw!G94:G95) -> #N/A
A18: =CellCount_Viability!A18 -> 0 | B18: =C18*24 -> #VALUE! | C18: =IF(NOT(A18=0),A18-$A$2,"") | D18: =AVERAGE(GC_ketones_raw!F98:F99) -> #N/A | E18: =AVERAGE(GC_ketones_raw!G98:G99) -> #N/A | F18: =AVERAGE(GC_ketones_raw!F100:F101) -> #N/A | G18: =AVERAGE(GC_ketones_raw!G100:G101) -> #N/A | H18: =STDEV(GC_ketones_raw!F98:F99) -> #N/A | I18: =STDEV(GC_ketones_raw!G98:G99) -> #N/A | J18: =STDEV(GC_ketones_raw!F100:F101) -> #N/A | K18: =STDEV(GC_ketones_raw!G100:G101) -> #N/A
A19: =CellCount_Viability!A19 -> 0 | B19: =C19*24 -> #VALUE! | C19: =IF(NOT(A19=0),A19-$A$2,"") | D19: =AVERAGE(GC_ketones_raw!F104:F105) -> #N/A | E19: =AVERAGE(GC_ketones_raw!G104:G105) -> #N/A | F19: =AVERAGE(GC_ketones_raw!F106:F107) -> #N/A | G19: =AVERAGE(GC_ketones_raw!G106:G107) -> #N/A | H19: =STDEV(GC_ketones_raw!F104:F105) -> #N/A | I19: =STDEV(GC_ketones_raw!G104:G105) -> #N/A | J19: =STDEV(GC_ketones_raw!F106:F107) -> #N/A | K19: =STDEV(GC_ketones_raw!G106:G107) -> #N/A
A20: =CellCount_Viability!A20 -> 0 | B20: =C20*24 -> #VALUE! | C20: =IF(NOT(A20=0),A20-$A$2,"") | D20: =AVERAGE(GC_ketones_raw!F110:F111) -> #N/A | E20: =AVERAGE(GC_ketones_raw!G110:G111) -> #N/A | F20: =AVERAGE(GC_ketones_raw!F112:F113) -> #N/A | G20: =AVERAGE(GC_ketones_raw!G112:G113) -> #N/A | H20: =STDEV(GC_ketones_raw!F110:F111) -> #N/A | I20: =STDEV(GC_ketones_raw!G110:G111) -> #N/A | J20: =STDEV(GC_ketones_raw!F112:F113) -> #N/A | K20: =STDEV(GC_ketones_raw!G112:G113) -> #N/A
A21: =CellCount_Viability!A21 -> 0 | B21: =C21*24 -> #VALUE! | C21: =IF(NOT(A21=0),A21-$A$2,"") | D21: =AVERAGE(GC_ketones_raw!F116:F117) -> #N/A | E21: =AVERAGE(GC_ketones_raw!G116:G117) -> #N/A | F21: =AVERAGE(GC_ketones_raw!F118:F119) -> #N/A | G21: =AVERAGE(GC_ketones_raw!G118:G119) -> #N/A | H21: =STDEV(GC_ketones_raw!F116:F117) -> #N/A | I21: =STDEV(GC_ketones_raw!G116:G117) -> #N/A | J21: =STDEV(GC_ketones_raw!F118:F119) -> #N/A | K21: =STDEV(GC_ketones_raw!G118:G119) -> #N/A

Sheet CO2
A1: Time (days) | B1: TT1 | C1: TT2
A2: 0 | B2: 0 | C2: 0
A3: 0.0034935969 | B3: 0 | C3: 0
A4: 0.0069839468 | B4: 0 | C4: 0
A5: 0.010474579 | B5: 0 | C5: 0
A6: 0.013965049 | B6: 0 | C6: 0
A7: 0.017455707 | B7: 0 | C7: 0
A8: 0.020946239 | B8: 0 | C8: 0
A9: 0.024436728 | B9: 0 | C9: 0
A10: 0.02792728 | B10: 0 | C10: 0
A11: 0.031417788 | B11: 0 | C11: 0
A12: 0.034908193 | B12: 0 | C12: 0
A13: 0.038398956 | B13: 0.01 | C13: 0
... A2858: 9.9690446e+15 | B2858: 0.12 | C2858: 0.03

Sheet averages_to_plot
A1: =CellCount_Viability!A1 -> Date | B1: =CellCount_Viability!B1 -> Time (h) | C1: =CellCount_Viability!C1 -> Time (days) | D1: CellCount_average | E1: CellCount_stdev | F1: Viability_average | G1: Viability_stdev | H1: Cone_viability_average | I1: Stdev_cone_viability | J1: Attenuation_average | K1: Attenuation_stdev | L1: pH_average | M1: pH_stdev | N1: Maltotriose_avg | O1: Maltotriose_stdev | P1: Maltose_avg | Q1: Maltose_stdev | R1: Glucose_avg | S1: Glucose_stdev | T1: Fructose_avg | U1: Fructose_stdev | V1: Glycerol_avg | W1: Glycerol_stdev | X1: Ethanol_avg | Y1: Ethanol_stdev | Z1: Ethyl_acetate_avg | AA1: Ethyl_acetate_stdev | AB1: Isobutyl_acetate_avg | AC1: Isobutyl_acetate_stdev | AD1: Ethyl_butyrate_avg | AE1: Ethyl_butyrate_stdev | AF1: Isobutanol_avg | AG1: Isobutanol_stdev | AH1: Isoamyl_acetate_avg | AI1: Isoamyl_acetate_stdev | AJ1: Isoamyl_alcohol_avg | AK1: Isoamyl_alcohol_stdev | AL1: Ethyl_hexanoate_avg | AM1: Ethyl_hexanoate_stdev | AN1: Ethyl_octanoate_avg | AO1: Ethyl_octanoate_stdev | AP1: Ethyl_decanoate_avg | AQ1: Ethyl_decanoate_stdev | AR1: Diacetyl_avg | AS1: Diacetyl_stdev | AT1: 2,3-pentanedione_avg | AU1: 2,3-pentanedione_stdev | AV1: Ethyl_acetate_avg_normalized | AW1: Ethyl_acetate_stdev_normalized | AX1: Isobutyl_acetate_avg_normalized | AY1: Isobutyl_acetate_stdev_normalized | AZ1: Ethyl_butyrate_avg_normalized | BA1: Ethyl_butyrate_stdev_normalized | BB1: Isobutanol_avg_normalized | BC1: Isobutanol_stdev_normalized | BD1: Isoamyl_acetate_avg_normalized | BE1: Isoamyl_acetate_stdev_normalized | BF1: Isoamyl_alcohol_avg_normalized | BG1: Isoamyl_alcohol_stdev_normalized | BH1: Ethyl_hexanoate_avg_normalized | BI1: Ethyl_hexanoate_stdev_normalized | BJ1: Ethyl_octanoate_avg_normalized | BK1: Ethyl_octanoate_stdev_normalized | BL1: Ethyl_decanoate_avg_normalized | BM1: Ethyl_decanoate_stdev_normalized | BN1: Diacetyl_avg_normalized | BO1: Diacetyl_stdev_normalized | BP1: 2,3-pentanedione_avg_normalized | BQ1: 2,3-pentanedione_stdev_normalized | BR1: Ratio_Ethylacetate_isoamyl_acetate
A2: =CellCount_Viability!A2 -> 46268 | B2: =CellCount_Viability!B2 -> 0 | C2: =CellCount_Viability!C2 -> 0 | D2: =IF(ISERROR(CellCount_Viability!E2), CellCount_Viability!H2, IF(ISERROR(CellCount_Viability!H2), CellCount_Viability!E2, AVERAGE(CellCount_Viability!E2, CellCount_Viability!H2))) -> 4797100 | E2: =IF(ISERROR(CellCount_Viability!E2),0,IF(ISERROR(CellCount_Viability!H2),0,STDEV(CellCount_Viability!E2,CellCount_Viability!H2))) -> 91782.46 | F2: =IF(ISERROR(CellCount_Viability!F2), CellCount_Viability!I2, IF(ISERROR(CellCount_Viability!I2), CellCount_Viability!F2, AVERAGE(CellCount_Viability!F2, CellCount_Viability!I2))) -> 0.99791503 | G2: =IF(ISERROR(CellCount_Viability!F2),0,IF(ISERROR(CellCount_Viability!I2),0,STDEV(CellCount_Viability!F2,CellCount_Viability!I2))) -> 3.9891618e-05 | H2: =IF(ISERROR(Cone_viability!E2), Cone_viability!J2, IF(ISERROR(Cone_viability!J2), Cone_viability!E2, AVERAGE(Cone_viability!E2, Cone_viability!J2))) -> 0.91857716 | I2: =IF(ISERROR(Cone_viability!E2),0,IF(ISERROR(Cone_viability!J2),0,STDEV(Cone_viability!E2,Cone_viability!J2))) -> 0.0040494903 | J2: =IF(ISERROR(Attenuation!D3), Attenuation!E3, IF(ISERROR(Attenuation!E3), Attenuation!D3, AVERAGE(Attenuation!D3, Attenuation!E3))) -> 17.2135 | K2: =IF(ISERROR(Attenuation!D3),0,IF(ISERROR(Attenuation!E3),0,STDEV(Attenuation!D3,Attenuation!E3))) -> 0.12232947 | L2: =IF(ISERROR(pH!D3), pH!E3, IF(ISERROR(pH!E3), pH!D3, AVERAGE(pH!D3, pH!E3))) -> 5.2514 | M2: =IF(ISERROR(pH!D3),0,IF(ISERROR(pH!E3),0,STDEV(pH!D3,pH!E3))) -> 0.39824254 | N2: =IF(ISERROR(HPLC!D2), HPLC!J2, IF(ISERROR( HPLC!J2), HPLC!D2, AVERAGE(HPLC!D2, HPLC!J2))) -> 26.705603 | O2: =IF(ISERROR( HPLC!D2),0,IF(ISERROR( HPLC!J2),0,STDEV( HPLC!D2, HPLC!J2))) -> 2.0674348 | P2: =IF(ISERROR(HPLC!E2), HPLC!K2, IF(ISERROR( HPLC!K2), HPLC!E2, AVERAGE(HPLC!E2, HPLC!K2))) -> 84.671136 | Q2: =IF(ISERROR( HPLC!E2),0,IF(ISERROR( HPLC!K2),0,STDEV( HPLC!E2, HPLC!K2))) -> 3.324506 | R2: =IF(ISERROR(HPLC!F2), HPLC!L2, IF(ISERROR( HPLC!L2), HPLC!F2, AVERAGE(HPLC!F2, HPLC!L2))) -> 19.812512 | S2: =IF(ISERROR( HPLC!F2),0,IF(ISERROR( HPLC!L2),0,STDEV( HPLC!F2, HPLC!L2))) -> 1.0225983 | T2: =IF(ISERROR(HPLC!G2), HPLC!M2, IF(ISERROR( HPLC!M2), HPLC!G2, AVERAGE(HPLC!M2, HPLC!G2))) -> 7.6388238 | U2: =IF(ISERROR( HPLC!M2),0,IF(ISERROR( HPLC!G2),0,STDEV( HPLC!M2, HPLC!G2))) -> 0.44216391 | V2: =IF(ISERROR(HPLC!H2), HPLC!N2, IF(ISERROR( HPLC!N2), HPLC!H2, AVERAGE(HPLC!H2, HPLC!N2))) -> 0 | W2: =IF(ISERROR( HPLC!H2),0,IF(ISERROR( HPLC!N2),0,STDEV( HPLC!H2, HPLC!N2))) -> 0 | X2: =IF(ISERROR(HPLC!I2), HPLC!O2, IF(ISERROR( HPLC!O2), HPLC!I2, AVERAGE(HPLC!I2, HPLC!O2))) -> 0.75289852 | Y2: =IF(ISERROR( HPLC!I2),0,IF(ISERROR( HPLC!O2),0,STDEV( HPLC!I2, HPLC!O2))) -> 0.062275283 | Z2: =IF(ISERROR(GC_esters!D2), GC_esters!N2, IF(ISERROR(GC_esters!N2), GC_esters!D2, AVERAGE(GC_esters!D2, GC_esters!N2))) -> 0.035 | AA2: =IF(ISERROR(GC_esters!D2),0,IF(ISERROR(GC_esters!N2),0,STDEV(GC_esters!D2, GC_esters!N2))) -> 0.049497475 | AB2: =IF(ISERROR(GC_esters!F2), GC_esters!P2, IF(ISERROR(GC_esters!P2), GC_esters!F2, AVERAGE(GC_esters!F2, GC_esters!P2))) -> 0 | AC2: =IF(ISERROR(GC_esters!F2),0,IF(ISERROR(GC_esters!P2),0,STDEV(GC_esters!F2, GC_esters!P2))) -> 0 | AD2: =IF(ISERROR(GC_esters!G2), GC_esters!Q2, IF(ISERROR(GC_esters!Q2), GC_esters!G2, AVERAGE(GC_esters!G2, GC_esters!Q2))) -> 0 | AE2: =IF(ISERROR(GC_esters!G2),0,IF(ISERROR(GC_esters!Q2),0,STDEV(GC_esters!G2, GC_esters!Q2))) -> 0 | AF2: =IF(ISERROR(GC_esters!H2), GC_esters!R2, IF(ISERROR(GC_esters!R2), GC_esters!H2, AVERAGE(GC_esters!H2, GC_esters!R2))) -> 0.4875 | AG2: =IF(ISERROR(GC_esters!H2),0,IF(ISERROR(GC_esters!R2),0,STDEV(GC_esters!H2, GC_esters!R2))) -> 0.0035355339 | AH2: =IF(ISERROR(GC_esters!I2), GC_esters!S2, IF(ISERROR(GC_esters!S2), GC_esters!I2, AVERAGE(GC_esters!I2, GC_esters!S2))) -> 0 | AI2: =IF(ISERROR(GC_esters!I2),0,IF(ISERROR(GC_esters!S2),0,STDEV(GC_esters!I2, GC_esters!S2))) -> 0 | AJ2: =IF(ISERROR(GC_esters!J2), GC_esters!T2, IF(ISERROR(GC_esters!T2), GC_esters!J2, AVERAGE(GC_esters!J2, GC_esters!T2))) -> 3.5825 | AK2: =IF(ISERROR(GC_esters!J2),0,IF(ISERROR(GC_esters!T2),0,STDEV(GC_esters!J2, GC_esters!T2))) -> 0.088388348 | AL2: =IF(ISERROR(GC_esters!K2), GC_esters!U2, IF(ISERROR(GC_esters!U2), GC_esters!K2, AVERAGE(GC_esters!K2, GC_esters!U2))) -> 0 | AM2: =IF(ISERROR(GC_esters!K2),0,IF(ISERROR(GC_esters!U2),0,STDEV(GC_esters!K2, GC_esters!U2))) -> 0 | AN2: =IF(ISERROR(GC_esters!L2), GC_esters!V2, IF(ISERROR(GC_esters!V2), GC_esters!L2, AVERAGE(GC_esters!L2, GC_esters!V2))) -> 0 | AO2: =IF(ISERROR(GC_esters!L2),0,IF(ISERROR(GC_esters!V2),0,STDEV(GC_esters!L2, GC_esters!V2))) -> 0 | AP2: =IF(ISERROR(GC_esters!M2), GC_esters!W2, IF(ISERROR(GC_esters!W2), GC_esters!M2, AVERAGE(GC_esters!M2, GC_esters!W2))) -> 0 | AQ2: =IF(ISERROR(GC_esters!M2),0,IF(ISERROR(GC_esters!W2),0,STDEV(GC_esters!M2, GC_esters!W2))) -> 0 | AR2: =IF(ISERROR(GC_ketones!D2), GC_ketones!F2, IF(ISERROR(GC_ketones!F2), GC_ketones!D2, AVERAGE(GC_ketones!D2, GC_ketones!F2))) -> 108.7325 | AS2: =IF(ISERROR(GC_ketones!D2),0,IF(ISERROR(GC_ketones!F2),0,STDEV(GC_ketones!D2, GC_ketones!F2))) -> 5.2361257 | AT2: =IF(ISERROR(GC_ketones!E2), GC_ketones!G2, IF(ISERROR(GC_ketones!G2), GC_ketones!E2, AVERAGE(GC_ketones!E2, GC_ketones!G2))) -> 24.595 | AU2: =IF(ISERROR(GC_ketones!E2),0,IF(ISERROR(GC_ketones!G2),0,STDEV(GC_ketones!E2, GC_ketones!G2))) -> 0.13435029 | AV2: =Z2*36.6/$X2 -> 1.7014245 | AW2: =IF(Z2=0,0,SQRT((AA2/Z2)^2+($Y2/$X2)^2)) -> 1.4166304 | AX2: =AB2*36.6/$X2 -> 0 | AY2: =IF(AB2=0,0,SQRT((AC2/AB2)^2+($Y2/$X2)^2)) -> 0 | AZ2: =AD2*36.6/$X2 -> 0 | BA2: =IF(AD2=0,0,SQRT((AE2/AD2)^2+($Y2/$X2)^2)) -> 0 | BB2: =AF2*36.6/$X2 -> 23.698413 | BC2: =IF(AF2=0,0,SQRT((AG2/AF2)^2+($Y2/$X2)^2)) -> 0.083031382 | BD2: =AH2*36.6/$X2 -> 0 | BE2: =IF(AH2=0,0,SQRT((AI2/AH2)^2+($Y2/$X2)^2)) -> 0 | BF2: =AJ2*36.6/$X2 -> 174.15295 | BG2: =IF(AJ2=0,0,SQRT((AK2/AJ2)^2+($Y2/$X2)^2)) -> 0.086315314 | BH2: =AL2*36.6/$X2 -> 0 | BI2: =IF(AL2=0,0,SQRT((AM2/AL2)^2+($Y2/$X2)^2)) -> 0 | BJ2: =AN2*36.6/$X2 -> 0 | BK2: =IF(AN2=0,0,SQRT((AO2/AN2)^2+($Y2/$X2)^2)) -> 0 | BL2: =AP2*36.6/$X2 -> 0 | BM2: =IF(AP2=0,0,SQRT((AQ2/AP2)^2+($Y2/$X2)^2)) -> 0 | BN2: =AR2*36.6/$X2 -> 5285.7183 | BO2: =IF(AR2=0,0,SQRT((AS2/AR2)^2+($Y2/$X2)^2)) -> 0.095711111 | BP2: =AT2*36.6/$X2 -> 1195.6153 | BQ2: =IF(AT2=0,0,SQRT((AU2/AT2)^2+($Y2/$X2)^2)) -> 0.082894224 | BR2: =IF(AND(Z2<>0,AH2<>0),Z2/AH2,0) -> 0
A3: =CellCount_Viability!A3 -> 46269 | B3: =CellCount_Viability!B3 -> 24 | C3: =CellCount_Viability!C3 -> 1 | D3: =IF(ISERROR(CellCount_Viability!E3), CellCount_Viability!H3, IF(ISERROR(CellCount_Viability!H3), CellCount_Viability!E3, AVERAGE(CellCount_Viability!E3, CellCount_Viability!H3))) -> 14074500 | E3: =IF(ISERROR(CellCount_Viability!E3),0,IF(ISERROR(CellCount_Viability!H3),0,STDEV(CellCount_Viability!E3,CellCount_Viability!H3))) -> 142128.46 | F3: =IF(ISERROR(CellCount_Viability!F3), CellCount_Viability!I3, IF(ISERROR(CellCount_Viability!I3), CellCount_Viability!F3, AVERAGE(CellCount_Viability!F3, CellCount_Viability!I3))) -> 0.99857892 | G3: =IF(ISERROR(CellCount_Viability!F3),0,IF(ISERROR(CellCount_Viability!I3),0,STDEV(CellCount_Viability!F3,CellCount_Viability!I3))) -> 1.4350507e-05 | J3: =IF(ISERROR(Attenuation!D4), Attenuation!E4, IF(ISERROR(Attenuation!E4), Attenuation!D4, AVERAGE(Attenuation!D4, Attenuation!E4))) -> 16.767 | K3: =IF(ISERROR(Attenuation!D4),0,IF(ISERROR(Attenuation!E4),0,STDEV(Attenuation!D4,Attenuation!E4))) -> 0.37759502 | L3: =IF(ISERROR(pH!D4), pH!E4, IF(ISERROR(pH!E4), pH!D4, AVERAGE(pH!D4, pH!E4))) -> 4.8178 | M3: =IF(ISERROR(pH!D4),0,IF(ISERROR(pH!E4),0,STDEV(pH!D4,pH!E4))) -> 0.081741544 | N3: =IF(ISERROR(HPLC!D3), HPLC!J3, IF(ISERROR( HPLC!J3), HPLC!D3, AVERAGE(HPLC!D3, HPLC!J3))) -> 29.295838 | O3: =IF(ISERROR( HPLC!D3),0,IF(ISERROR( HPLC!J3),0,STDEV( HPLC!D3, HPLC!J3))) -> 0.20223462 | P3: =IF(ISERROR(HPLC!E3), HPLC!K3, IF(ISERROR( HPLC!K3), HPLC!E3, AVERAGE(HPLC!E3, HPLC!K3))) -> 82.677889 | Q3: =IF(ISERROR( HPLC!E3),0,IF(ISERROR( HPLC!K3),0,STDEV( HPLC!E3, HPLC!K3))) -> 2.54504 | R3: =IF(ISERROR(HPLC!F3), HPLC!L3, IF(ISERROR( HPLC!L3), HPLC!F3, AVERAGE(HPLC!F3, HPLC!L3))) -> 15.747713 | S3: =IF(ISERROR( HPLC!F3),0,IF(ISERROR( HPLC!L3),0,STDEV( HPLC!F3, HPLC!L3))) -> 0.93536927 | T3: =IF(ISERROR(HPLC!G3), HPLC!M3, IF(ISERROR( HPLC!M3), HPLC!G3, AVERAGE(HPLC!M3, HPLC!G3))) -> 6.5422231 | U3: =IF(ISERROR( HPLC!M3),0,IF(ISERROR( HPLC!G3),0,STDEV( HPLC!M3, HPLC!G3))) -> 0.23883094 | V3: =IF(ISERROR(HPLC!H3), HPLC!N3, IF(ISERROR( HPLC!N3), HPLC!H3, AVERAGE(HPLC!H3, HPLC!N3))) -> 0.46667937 | W3: =IF(ISERROR( HPLC!H3),0,IF(ISERROR( HPLC!N3),0,STDEV( HPLC!H3, HPLC!N3))) -> 0.0015651413 | X3: =IF(ISERROR(HPLC!I3), HPLC!O3, IF(ISERROR( HPLC!O3), HPLC!I3, AVERAGE(HPLC!I3, HPLC!O3))) -> 4.1391283 | Y3: =IF(ISERROR( HPLC!I3),0,IF(ISERROR( HPLC!O3),0,STDEV( HPLC!I3, HPLC!O3))) -> 0.25260998 | Z3: =IF(ISERROR(GC_esters!D3), GC_esters!N3, IF(ISERROR(GC_esters!N3), GC_esters!D3, AVERAGE(GC_esters!D3, GC_esters!N3))) -> 0.4875 | AA3: =IF(ISERROR(GC_esters!D3),0,IF(ISERROR(GC_esters!N3),0,STDEV(GC_esters!D3, GC_esters!N3))) -> 0.024748737 | AB3: =IF(ISERROR(GC_esters!F3), GC_esters!P3, IF(ISERROR(GC_esters!P3), GC_esters!F3, AVERAGE(GC_esters!F3, GC_esters!P3))) -> 0 | AC3: =IF(ISERROR(GC_esters!F3),0,IF(ISERROR(GC_esters!P3),0,STDEV(GC_esters!F3, GC_esters!P3))) -> 0 | AD3: =IF(ISERROR(GC_esters!G3), GC_esters!Q3, IF(ISERROR(GC_esters!Q3), GC_esters!G3, AVERAGE(GC_esters!G3, GC_esters!Q3))) -> 0.1325 | AE3: =IF(ISERROR(GC_esters!G3),0,IF(ISERROR(GC_esters!Q3),0,STDEV(GC_esters!G3, GC_esters!Q3))) -> 0.0035355339 | AF3: =IF(ISERROR(GC_esters!H3), GC_esters!R3, IF(ISERROR(GC_esters!R3), GC_esters!H3, AVERAGE(GC_esters!H3, GC_esters!R3))) -> 2.0725 | AG3: =IF(ISERROR(GC_esters!H3),0,IF(ISERROR(GC_esters!R3),0,STDEV(GC_esters!H3, GC_esters!R3))) -> 0.13081475 | AH3: =IF(ISERROR(GC_esters!I3), GC_esters!S3, IF(ISERROR(GC_esters!S3), GC_esters!I3, AVERAGE(GC_esters!I3, GC_esters!S3))) -> 0.065 | AI3: =IF(ISERROR(GC_esters!I3),0,IF(ISERROR(GC_esters!S3),0,STDEV(GC_esters!I3, GC_esters!S3))) -> 0.0070710678 | AJ3: =IF(ISERROR(GC_esters!J3), GC_esters!T3, IF(ISERROR(GC_esters!T3), GC_esters!J3, AVERAGE(GC_esters!J3, GC_esters!T3))) -> 20.185 | AK3: =IF(ISERROR(GC_esters!J3),0,IF(ISERROR(GC_esters!T3),0,STDEV(GC_esters!J3, GC_esters!T3))) -> 1.1384419 | AL3: =IF(ISERROR(GC_esters!K3), GC_esters!U3, IF(ISERROR(GC_esters!U3), GC_esters!K3, AVERAGE(GC_esters!K3, GC_esters!U3))) -> 0 | AM3: =IF(ISERROR(GC_esters!K3),0,IF(ISERROR(GC_esters!U3),0,STDEV(GC_esters!K3, GC_esters!U3))) -> 0 | AN3: =IF(ISERROR(GC_esters!L3), GC_esters!V3, IF(ISERROR(GC_esters!V3), GC_esters!L3, AVERAGE(GC_esters!L3, GC_esters!V3))) -> 0 | AO3: =IF(ISERROR(GC_esters!L3),0,IF(ISERROR(GC_esters!V3),0,STDEV(GC_esters!L3, GC_esters!V3))) -> 0 | AP3: =IF(ISERROR(GC_esters!M3), GC_esters!W3, IF(ISERROR(GC_esters!W3), GC_esters!M3, AVERAGE(GC_esters!M3, GC_esters!W3))) -> 0 | AQ3: =IF(ISERROR(GC_esters!M3),0,IF(ISERROR(GC_esters!W3),0,STDEV(GC_esters!M3, GC_esters!W3))) -> 0 | AR3: =IF(ISERROR(GC_ketones!D3), GC_ketones!F3, IF(ISERROR(GC_ketones!F3), GC_ketones!D3, AVERAGE(GC_ketones!D3, GC_ketones!F3))) -> 624.07 | AS3: =IF(ISERROR(GC_ketones!D3),0,IF(ISERROR(GC_ketones!F3),0,STDEV(GC_ketones!D3, GC_ketones!F3))) -> 3.1890516 | AT3: =IF(ISERROR(GC_ketones!E3), GC_ketones!G3, IF(ISERROR(GC_ketones!G3), GC_ketones!E3, AVERAGE(GC_ketones!E3, GC_ketones!G3))) -> 375.865 | AU3: =IF(ISERROR(GC_ketones!E3),0,IF(ISERROR(GC_ketones!G3),0,STDEV(GC_ketones!E3, GC_ketones!G3))) -> 11.886465 | AV3: =Z3*36.6/$X3 -> 4.3106902 | AW3: =IF(Z3=0,0,SQRT((AA3/Z3)^2+(Y3/X3)^2)) -> 0.079384398 | AX3: =AB3*36.6/$X3 -> 0 | AY3: =IF(AB3=0,0,SQRT((AC3/AB3)^2+($Y3/$X3)^2)) -> 0 | AZ3: =AD3*36.6/$X3 -> 1.1716235 | BA3: =IF(AD3=0,0,SQRT((AE3/AD3)^2+($Y3/$X3)^2)) -> 0.066608018 | BB3: =AF3*36.6/$X3 -> 18.32596 | BC3: =IF(AF3=0,0,SQRT((AG3/AF3)^2+($Y3/$X3)^2)) -> 0.087799073 | BD3: =AH3*36.6/$X3 -> 0.57475869 | BE3: =IF(AH3=0,0,SQRT((AI3/AH3)^2+($Y3/$X3)^2)) -> 0.12473552 | BF3: =AJ3*36.6/$X3 -> 178.48468 | BG3: =IF(AJ3=0,0,SQRT((AK3/AJ3)^2+($Y3/$X3)^2)) -> 0.083100151 | BH3: =AL3*36.6/$X3 -> 0 | BI3: =IF(AL3=0,0,SQRT((AM3/AL3)^2+($Y3/$X3)^2)) -> 0 | BJ3: =AN3*36.6/$X3 -> 0 | BK3: =IF(AN3=0,0,SQRT((AO3/AN3)^2+($Y3/$X3)^2)) -> 0 | BL3: =AP3*36.6/$X3 -> 0 | BM3: =IF(AP3=0,0,SQRT((AQ3/AP3)^2+($Y3/$X3)^2)) -> 0 | BN3: =AR3*36.6/$X3 -> 5518.3024 | BO3: =IF(AR3=0,0,SQRT((AS3/AR3)^2+($Y3/$X3)^2)) -> 0.061243317 | BP3: =AT3*36.6/$X3 -> 3323.5643 | BQ3: =IF(AT3=0,0,SQRT((AU3/AT3)^2+($Y3/$X3)^2)) -> 0.068736648 | BR3: =IF(AND(Z3<>0,AH3<>0),Z3/AH3,0) -> 7.5
A4: =CellCount_Viability!A4 -> 46270 | B4: =CellCount_Viability!B4 -> 48 | C4: =CellCount_Viability!C4 -> 2 | D4: =IF(ISERROR(CellCount_Viability!E4), CellCount_Viability!H4, IF(ISERROR(CellCount_Viability!H4), CellCount_Viability!E4, AVERAGE(CellCount_Viability!E4, CellCount_Viability!H4))) -> 32080400 | E4: =IF(ISERROR(CellCount_Viability!E4),0,IF(ISERROR(CellCount_Viability!H4),0,STDEV(CellCount_Viability!E4,CellCount_Viability!H4))) -> 721814.6 | F4: =IF(ISERROR(CellCount_Viability!F4), CellCount_Viability!I4, IF(ISERROR(CellCount_Viability!I4), CellCount_Viability!F4, AVERAGE(CellCount_Viability!F4, CellCount_Viability!I4))) -> 0.99906461 | G4: =IF(ISERROR(CellCount_Viability!F4),0,IF(ISERROR(CellCount_Viability!I4),0,STDEV(CellCount_Viability!F4,CellCount_Viability!I4))) -> 2.1046376e-05 | J4: =IF(ISERROR(Attenuation!D5), Attenuation!E5, IF(ISERROR(Attenuation!E5), Attenuation!D5, AVERAGE(Attenuation!D5, Attenuation!E5))) -> 14.6245 | K4: =IF(ISERROR(Attenuation!D5),0,IF(ISERROR(Attenuation!E5),0,STDEV(Attenuation!D5,Attenuation!E5))) -> 0.94115913 | L4: =IF(ISERROR(pH!D5), pH!E5, IF(ISERROR(pH!E5), pH!D5, AVERAGE(pH!D5, pH!E5))) -> 4.7289 | M4: =IF(ISERROR(pH!D5),0,IF(ISERROR(pH!E5),0,STDEV(pH!D5,pH!E5))) -> 0.35935167 | N4: =IF(ISERROR(HPLC!D4), HPLC!J4, IF(ISERROR( HPLC!J4), HPLC!D4, AVERAGE(HPLC!D4, HPLC!J4))) -> 25.488594 | O4: =IF(ISERROR( HPLC!D4),0,IF(ISERROR( HPLC!J4),0,STDEV( HPLC!D4, HPLC!J4))) -> 0.63730957 | P4: =IF(ISERROR(HPLC!E4), HPLC!K4, IF(ISERROR( HPLC!K4), HPLC!E4, AVERAGE(HPLC!E4, HPLC!K4))) -> 72.406766 | Q4: =IF(ISERROR( HPLC!E4),0,IF(ISERROR( HPLC!K4),0,STDEV( HPLC!E4, HPLC!K4))) -> 0.2068989 | R4: =IF(ISERROR(HPLC!F4), HPLC!L4, IF(ISERROR( HPLC!L4), HPLC!F4, AVERAGE(HPLC!F4, HPLC!L4))) -> 13.690987 | S4: =IF(ISERROR( HPLC!F4),0,IF(ISERROR( HPLC!L4),0,STDEV( HPLC!F4, HPLC!L4))) -> 0.061988395 | T4: =IF(ISERROR(HPLC!G4), HPLC!M4, IF(ISERROR( HPLC!M4), HPLC!G4, AVERAGE(HPLC!M4, HPLC!G4))) -> 5.8892556 | U4: =IF(ISERROR( HPLC!M4),0,IF(ISERROR( HPLC!G4),0,STDEV( HPLC!M4, HPLC!G4))) -> 0.21257922 | V4: =IF(ISERROR(HPLC!H4), HPLC!N4, IF(ISERROR( HPLC!N4), HPLC!H4, AVERAGE(HPLC!H4, HPLC!N4))) -> 0.40511668 | W4: =IF(ISERROR( HPLC!H4),0,IF(ISERROR( HPLC!N4),0,STDEV( HPLC!H4, HPLC!N4))) -> 0.022979979 | X4: =IF(ISERROR(HPLC!I4), HPLC!O4, IF(ISERROR( HPLC!O4), HPLC!I4, AVERAGE(HPLC!I4, HPLC!O4))) -> 3.5622509 | Y4: =IF(ISERROR( HPLC!I4),0,IF(ISERROR( HPLC!O4),0,STDEV( HPLC!I4, HPLC!O4))) -> 0.14940511 | Z4: =IF(ISERROR(GC_esters!D4), GC_esters!N4, IF(ISERROR(GC_esters!N4), GC_esters!D4, AVERAGE(GC_esters!D4, GC_esters!N4))) -> 6.138025 | AA4: =IF(ISERROR(GC_esters!D4),0,IF(ISERROR(GC_esters!N4),0,STDEV(GC_esters!D4, GC_esters!N4))) -> 0.52781986 | AB4: =IF(ISERROR(GC_esters!F4), GC_esters!P4, IF(ISERROR(GC_esters!P4), GC_esters!F4, AVERAGE(GC_esters!F4, GC_esters!P4))) -> 0.041075 | AC4: =IF(ISERROR(GC_esters!F4),0,IF(ISERROR(GC_esters!P4),0,STDEV(GC_esters!F4, GC_esters!P4))) -> 0.0054800776 | AD4: =IF(ISERROR(GC_esters!G4), GC_esters!Q4, IF(ISERROR(GC_esters!Q4), GC_esters!G4, AVERAGE(GC_esters!G4, GC_esters!Q4))) -> 0.2441 | AE4: =IF(ISERROR(GC_esters!G4),0,IF(ISERROR(GC_esters!Q4),0,STDEV(GC_esters!G4, GC_esters!Q4))) -> 0.0079195959 | AF4: =IF(ISERROR(GC_esters!H4), GC_esters!R4, IF(ISERROR(GC_esters!R4), GC_esters!H4, AVERAGE(GC_esters!H4, GC_esters!R4))) -> 4.305275 | AG4: =IF(ISERROR(GC_esters!H4),0,IF(ISERROR(GC_esters!R4),0,STDEV(GC_esters!H4, GC_esters!R4))) -> 0.18013545 | AH4: =IF(ISERROR(GC_esters!I4), GC_esters!S4, IF(ISERROR(GC_esters!S4), GC_esters!I4, AVERAGE(GC_esters!I4, GC_esters!S4))) -> 1.2461 | AI4: =IF(ISERROR(GC_esters!I4),0,IF(ISERROR(GC_esters!S4),0,STDEV(GC_esters!I4, GC_esters!S4))) -> 0.11448059 | AJ4: =IF(ISERROR(GC_esters!J4), GC_esters!T4, IF(ISERROR(GC_esters!T4), GC_esters!J4, AVERAGE(GC_esters!J4, GC_esters!T4))) -> 33.701775 | AK4: =IF(ISERROR(GC_esters!J4),0,IF(ISERROR(GC_esters!T4),0,STDEV(GC_esters!J4, GC_esters!T4))) -> 1.2776359 | AL4: =IF(ISERROR(GC_esters!K4), GC_esters!U4, IF(ISERROR(GC_esters!U4), GC_esters!K4, AVERAGE(GC_esters!K4, GC_esters!U4))) -> 0.171275 | AM4: =IF(ISERROR(GC_esters!K4),0,IF(ISERROR(GC_esters!U4),0,STDEV(GC_esters!K4, GC_esters!U4))) -> 0.0054800776 | AN4: =IF(ISERROR(GC_esters!L4), GC_esters!V4, IF(ISERROR(GC_esters!V4), GC_esters!L4, AVERAGE(GC_esters!L4, GC_esters!V4))) -> 1.160175 | AO4: =IF(ISERROR(GC_esters!L4),0,IF(ISERROR(GC_esters!V4),0,STDEV(GC_esters!L4, GC_esters!V4))) -> 0.023016326 | AP4: =IF(ISERROR(GC_esters!M4), GC_esters!W4, IF(ISERROR(GC_esters!W4), GC_esters!M4, AVERAGE(GC_esters!M4, GC_esters!W4))) -> 2.220375 | AQ4: =IF(ISERROR(GC_esters!M4),0,IF(ISERROR(GC_esters!W4),0,STDEV(GC_esters!M4, GC_esters!W4))) -> 0.28167599 | AR4: =IF(ISERROR(GC_ketones!D4), GC_ketones!F4, IF(ISERROR(GC_ketones!F4), GC_ketones!D4, AVERAGE(GC_ketones!D4, GC_ketones!F4))) -> 692.5 | AS4: =IF(ISERROR(GC_ketones!D4),0,IF(ISERROR(GC_ketones!F4),0,STDEV(GC_ketones!D4, GC_ketones!F4))) -> 7.0710678 | AT4: =IF(ISERROR(GC_ketones!E4), GC_ketones!G4, IF(ISERROR(GC_ketones!G4), GC_ketones!E4, AVERAGE(GC_ketones!E4, GC_ketones!G4))) -> 469.25 | AU4: =IF(ISERROR(GC_ketones!E4),0,IF(ISERROR(GC_ketones!G4),0,STDEV(GC_ketones!E4, GC_ketones!G4))) -> 25.102291 | AV4: =Z4*36.6/X4 -> 63.06454 | AW4: =IF(Z4=0,0,SQRT((AA4/Z4)^2+(Y4/X4)^2)) -> 0.09567474 | AX4: =AB4*36.6/$X4 -> 0.42202109 | AY4: =IF(AB4=0,0,SQRT((AC4/AB4)^2+($Y4/$X4)^2)) -> 0.13985347 | AZ4: =AD4*36.6/$X4 -> 2.5079817 | BA4: =IF(AD4=0,0,SQRT((AE4/AD4)^2+($Y4/$X4)^2)) -> 0.053025299 | BB4: =AF4*36.6/$X4 -> 44.234129 | BC4: =IF(AF4=0,0,SQRT((AG4/AF4)^2+($Y4/$X4)^2)) -> 0.059242755 | BD4: =AH4*36.6/$X4 -> 12.802933 | BE4: =IF(AH4=0,0,SQRT((AI4/AH4)^2+($Y4/$X4)^2)) -> 0.10099191 | BF4: =AJ4*36.6/$X4 -> 346.26561 | BG4: =IF(AJ4=0,0,SQRT((AK4/AJ4)^2+($Y4/$X4)^2)) -> 0.05653527 | BH4: =AL4*36.6/$X4 -> 1.7597483 | BI4: =IF(AL4=0,0,SQRT((AM4/AL4)^2+($Y4/$X4)^2)) -> 0.052752205 | BJ4: =AN4*36.6/$X4 -> 11.920105 | BK4: =IF(AN4=0,0,SQRT((AO4/AN4)^2+($Y4/$X4)^2)) -> 0.046396528 | BL4: =AP4*36.6/$X4 -> 22.813027 | BM4: =IF(AP4=0,0,SQRT((AQ4/AP4)^2+($Y4/$X4)^2)) -> 0.133613 | BN4: =AR4*36.6/$X4 -> 7115.0238 | BO4: =IF(AR4=0,0,SQRT((AS4/AR4)^2+($Y4/$X4)^2)) -> 0.043166284 | BP4: =AT4*36.6/$X4 -> 4821.2634 | BQ4: =IF(AT4=0,0,SQRT((AU4/AT4)^2+($Y4/$X4)^2)) -> 0.067975921 | BR4: =IF(AND(Z4<>0,AH4<>0),Z4/AH4,0) -> 4.9257885
A5: =CellCount_Viability!A5 -> 46271 | B5: =CellCount_Viability!B5 -> 72 | C5: =CellCount_Viability!C5 -> 3 | D5: =IF(ISERROR(CellCount_Viability!E5), CellCount_Viability!H5, IF(ISERROR(CellCount_Viability!H5), CellCount_Viability!E5, AVERAGE(CellCount_Viability!E5, CellCount_Viability!H5))) -> 42353400 | E5: =IF(ISERROR(CellCount_Viability!E5),0,IF(ISERROR(CellCount_Viability!H5),0,STDEV(CellCount_Viability!E5,CellCount_Viability!H5))) -> 2052589.6 | F5: =IF(ISERROR(CellCount_Viability!F5), CellCount_Viability!I5, IF(ISERROR(CellCount_Viability!I5), CellCount_Viability!F5, AVERAGE(CellCount_Viability!F5, CellCount_Viability!I5))) -> 0.99905446 | G5: =IF(ISERROR(CellCount_Viability!F5),0,IF(ISERROR(CellCount_Viability!I5),0,STDEV(CellCount_Viability!F5,CellCount_Viability!I5))) -> 4.5824302e-05 | J5: =IF(ISERROR(Attenuation!D6), Attenuation!E6, IF(ISERROR(Attenuation!E6), Attenuation!D6, AVERAGE(Attenuation!D6, Attenuation!E6))) -> 12.257 | K5: =IF(ISERROR(Attenuation!D6),0,IF(ISERROR(Attenuation!E6),0,STDEV(Attenuation!D6,Attenuation!E6))) -> 0.16829141 | L5: =IF(ISERROR(pH!D6), pH!E6, IF(ISERROR(pH!E6), pH!D6, AVERAGE(pH!D6, pH!E6))) -> 4.5528 | M5: =IF(ISERROR(pH!D6),0,IF(ISERROR(pH!E6),0,STDEV(pH!D6,pH!E6))) -> 0.091641039 | N5: =IF(ISERROR(HPLC!D5), HPLC!J5, IF(ISERROR( HPLC!J5), HPLC!D5, AVERAGE(HPLC!D5, HPLC!J5))) -> 25.984789 | O5: =IF(ISERROR( HPLC!D5),0,IF(ISERROR( HPLC!J5),0,STDEV( HPLC!D5, HPLC!J5))) -> 0.30280698 | P5: =IF(ISERROR(HPLC!E5), HPLC!K5, IF(ISERROR( HPLC!K5), HPLC!E5, AVERAGE(HPLC!E5, HPLC!K5))) -> 55.45975 | Q5: =IF(ISERROR( HPLC!E5),0,IF(ISERROR( HPLC!K5),0,STDEV( HPLC!E5, HPLC!K5))) -> 2.0346911 | R5: =IF(ISERROR(HPLC!F5), HPLC!L5, IF(ISERROR( HPLC!L5), HPLC!F5, AVERAGE(HPLC!F5, HPLC!L5))) -> 3.2719513 | S5: =IF(ISERROR( HPLC!F5),0,IF(ISERROR( HPLC!L5),0,STDEV( HPLC!F5, HPLC!L5))) -> 0.07474295 | T5: =IF(ISERROR(HPLC!G5), HPLC!M5, IF(ISERROR( HPLC!M5), HPLC!G5, AVERAGE(HPLC!M5, HPLC!G5))) -> 3.6663288 | U5: =IF(ISERROR( HPLC!M5),0,IF(ISERROR( HPLC!G5),0,STDEV( HPLC!M5, HPLC!G5))) -> 0.083634243 | V5: =IF(ISERROR(HPLC!H5), HPLC!N5, IF(ISERROR( HPLC!N5), HPLC!H5, AVERAGE(HPLC!H5, HPLC!N5))) -> 1.5062464 | W5: =IF(ISERROR( HPLC!H5),0,IF(ISERROR( HPLC!N5),0,STDEV( HPLC!H5, HPLC!N5))) -> 0.011190388 | X5: =IF(ISERROR(HPLC!I5), HPLC!O5, IF(ISERROR( HPLC!O5), HPLC!I5, AVERAGE(HPLC!I5, HPLC!O5))) -> 25.711309 | Y5: =IF(ISERROR( HPLC!I5),0,IF(ISERROR( HPLC!O5),0,STDEV( HPLC!I5, HPLC!O5))) -> 0.48380789 | Z5: =IF(ISERROR(GC_esters!D5), GC_esters!N5, IF(ISERROR(GC_esters!N5), GC_esters!D5, AVERAGE(GC_esters!D5, GC_esters!N5))) -> 11.424 | AA5: =IF(ISERROR(GC_esters!D5),0,IF(ISERROR(GC_esters!N5),0,STDEV(GC_esters!D5, GC_esters!N5))) -> 0.99843478 | AB5: =IF(ISERROR(GC_esters!F5), GC_esters!P5, IF(ISERROR(GC_esters!P5), GC_esters!F5, AVERAGE(GC_esters!F5, GC_esters!P5))) -> 0.0795 | AC5: =IF(ISERROR(GC_esters!F5),0,IF(ISERROR(GC_esters!P5),0,STDEV(GC_esters!F5, GC_esters!P5))) -> 0.010606602 | AD5: =IF(ISERROR(GC_esters!G5), GC_esters!Q5, IF(ISERROR(GC_esters!Q5), GC_esters!G5, AVERAGE(GC_esters!G5, GC_esters!Q5))) -> 0.3485 | AE5: =IF(ISERROR(GC_esters!G5),0,IF(ISERROR(GC_esters!Q5),0,STDEV(GC_esters!G5, GC_esters!Q5))) -> 0.012020815 | AF5: =IF(ISERROR(GC_esters!H5), GC_esters!R5, IF(ISERROR(GC_esters!R5), GC_esters!H5, AVERAGE(GC_esters!H5, GC_esters!R5))) -> 6.394 | AG5: =IF(ISERROR(GC_esters!H5),0,IF(ISERROR(GC_esters!R5),0,STDEV(GC_esters!H5, GC_esters!R5))) -> 0.22627417 | AH5: =IF(ISERROR(GC_esters!I5), GC_esters!S5, IF(ISERROR(GC_esters!S5), GC_esters!I5, AVERAGE(GC_esters!I5, GC_esters!S5))) -> 2.351 | AI5: =IF(ISERROR(GC_esters!I5),0,IF(ISERROR(GC_esters!S5),0,STDEV(GC_esters!I5, GC_esters!S5))) -> 0.21496046 | AJ5: =IF(ISERROR(GC_esters!J5), GC_esters!T5, IF(ISERROR(GC_esters!T5), GC_esters!J5, AVERAGE(GC_esters!J5, GC_esters!T5))) -> 46.3465 | AK5: =IF(ISERROR(GC_esters!J5),0,IF(ISERROR(GC_esters!T5),0,STDEV(GC_esters!J5, GC_esters!T5))) -> 1.4078496 | AL5: =IF(ISERROR(GC_esters!K5), GC_esters!U5, IF(ISERROR(GC_esters!U5), GC_esters!K5, AVERAGE(GC_esters!K5, GC_esters!U5))) -> 0.3315 | AM5: =IF(ISERROR(GC_esters!K5),0,IF(ISERROR(GC_esters!U5),0,STDEV(GC_esters!K5, GC_esters!U5))) -> 0.010606602 | AN5: =IF(ISERROR(GC_esters!L5), GC_esters!V5, IF(ISERROR(GC_esters!V5), GC_esters!L5, AVERAGE(GC_esters!L5, GC_esters!V5))) -> 2.2455 | AO5: =IF(ISERROR(GC_esters!L5),0,IF(ISERROR(GC_esters!V5),0,STDEV(GC_esters!L5, GC_esters!V5))) -> 0.044547727 | AP5: =IF(ISERROR(GC_esters!M5), GC_esters!W5, IF(ISERROR(GC_esters!W5), GC_esters!M5, AVERAGE(GC_esters!M5, GC_esters!W5))) -> 4.2975 | AQ5: =IF(ISERROR(GC_esters!M5),0,IF(ISERROR(GC_esters!W5),0,STDEV(GC_esters!M5, GC_esters!W5))) -> 0.54517933 | AR5: =IF(ISERROR(GC_ketones!D5), GC_ketones!F5, IF(ISERROR(GC_ketones!F5), GC_ketones!D5, AVERAGE(GC_ketones!D5, GC_ketones!F5))) -> 657.5 | AS5: =IF(ISERROR(GC_ketones!D5),0,IF(ISERROR(GC_ketones!F5),0,STDEV(GC_ketones!D5, GC_ketones!F5))) -> 74.246212 | AT5: =IF(ISERROR(GC_ketones!E5), GC_ketones!G5, IF(ISERROR(GC_ketones!G5), GC_ketones!E5, AVERAGE(GC_ketones!E5, GC_ketones!G5))) -> 596.3775 | AU5: =IF(ISERROR(GC_ketones!E5),0,IF(ISERROR(GC_ketones!G5),0,STDEV(GC_ketones!E5, GC_ketones!G5))) -> 36.348824 | AV5: =Z5*36.6/X5 -> 16.262042 | AW5: =IF(Z5=0,0,SQRT((AA5/Z5)^2+(Y5/X5)^2)) -> 0.089400714 | AX5: =AB5*36.6/$X5 -> 0.1131681 | AY5: =IF(AB5=0,0,SQRT((AC5/AB5)^2+($Y5/$X5)^2)) -> 0.1347368 | AZ5: =AD5*36.6/$X5 -> 0.49608909 | BA5: =IF(AD5=0,0,SQRT((AE5/AD5)^2+($Y5/$X5)^2)) -> 0.039291791 | BB5: =AF5*36.6/$X5 -> 9.1018469 | BC5: =IF(AF5=0,0,SQRT((AG5/AF5)^2+($Y5/$X5)^2)) -> 0.040080218 | BD5: =AH5*36.6/$X5 -> 3.3466441 | BE5: =IF(AH5=0,0,SQRT((AI5/AH5)^2+($Y5/$X5)^2)) -> 0.093349801 | BF5: =AJ5*36.6/$X5 -> 65.974155 | BG5: =IF(AJ5=0,0,SQRT((AK5/AJ5)^2+($Y5/$X5)^2)) -> 0.035732553 | BH5: =AL5*36.6/$X5 -> 0.47188962 | BI5: =IF(AL5=0,0,SQRT((AM5/AL5)^2+($Y5/$X5)^2)) -> 0.037118821 | BJ5: =AN5*36.6/$X5 -> 3.196465 | BK5: =IF(AN5=0,0,SQRT((AO5/AN5)^2+($Y5/$X5)^2)) -> 0.027343181 | BL5: =AP5*36.6/$X5 -> 6.1174831 | BM5: =IF(AP5=0,0,SQRT((AQ5/AP5)^2+($Y5/$X5)^2)) -> 0.1282476 | BN5: =AR5*36.6/$X5 -> 935.95001 | BO5: =IF(AR5=0,0,SQRT((AS5/AR5)^2+($Y5/$X5)^2)) -> 0.11447905 | BP5: =AT5*36.6/$X5 -> 848.94224 | BQ5: =IF(AT5=0,0,SQRT((AU5/AT5)^2+($Y5/$X5)^2)) -> 0.063787936 | BR5: =IF(AND(Z5<>0,AH5<>0),Z5/AH5,0) -> 4.8592088
A6: =CellCount_Viability!A6 -> 46272 | B6: =CellCount_Viability!B6 -> 96 | C6: =CellCount_Viability!C6 -> 4 | D6: =IF(ISERROR(CellCount_Viability!E6), CellCount_Viability!H6, IF(ISERROR(CellCount_Viability!H6), CellCount_Viability!E6, AVERAGE(CellCount_Viability!E6, CellCount_Viability!H6))) -> 39740000 | E6: =IF(ISERROR(CellCount_Viability!E6),0,IF(ISERROR(CellCount_Viability!H6),0,STDEV(CellCount_Viability!E6,CellCount_Viability!H6))) -> 1762110.1 | F6: =IF(ISERROR(CellCount_Viability!F6), CellCount_Viability!I6, IF(ISERROR(CellCount_Viability!I6), CellCount_Viability!F6, AVERAGE(CellCount_Viability!F6, CellCount_Viability!I6))) -> 0.99874058 | G6: =IF(ISERROR(CellCount_Viability!F6),0,IF(ISERROR(CellCount_Viability!I6),0,STDEV(CellCount_Viability!F6,CellCount_Viability!I6))) -> 5.5843736e-05 | J6: =IF(ISERROR(Attenuation!D7), Attenuation!E7, IF(ISERROR(Attenuation!E7), Attenuation!D7, AVERAGE(Attenuation!D7, Attenuation!E7))) -> 8.924 | K6: =IF(ISERROR(Attenuation!D7),0,IF(ISERROR(Attenuation!E7),0,STDEV(Attenuation!D7,Attenuation!E7))) -> 0.2602153 | L6: =IF(ISERROR(pH!D7), pH!E7, IF(ISERROR(pH!E7), pH!D7, AVERAGE(pH!D7, pH!E7))) -> 4.18565 | M6: =IF(ISERROR(pH!D7),0,IF(ISERROR(pH!E7),0,STDEV(pH!D7,pH!E7))) -> 0.12890557 | N6: =IF(ISERROR(HPLC!D6), HPLC!J6, IF(ISERROR( HPLC!J6), HPLC!D6, AVERAGE(HPLC!D6, HPLC!J6))) -> 25.111183 | O6: =IF(ISERROR( HPLC!D6),0,IF(ISERROR( HPLC!J6),0,STDEV( HPLC!D6, HPLC!J6))) -> 0.67253861 | P6: =IF(ISERROR(HPLC!E6), HPLC!K6, IF(ISERROR( HPLC!K6), HPLC!E6, AVERAGE(HPLC!E6, HPLC!K6))) -> 35.44326 | Q6: =IF(ISERROR( HPLC!E6),0,IF(ISERROR( HPLC!K6),0,STDEV( HPLC!E6, HPLC!K6))) -> 2.6721561 | R6: =IF(ISERROR(HPLC!F6), HPLC!L6, IF(ISERROR( HPLC!L6), HPLC!F6, AVERAGE(HPLC!F6, HPLC!L6))) -> 0 | S6: =IF(ISERROR( HPLC!F6),0,IF(ISERROR( HPLC!L6),0,STDEV( HPLC!F6, HPLC!L6))) -> 0 | T6: =IF(ISERROR(HPLC!G6), HPLC!M6, IF(ISERROR( HPLC!M6), HPLC!G6, AVERAGE(HPLC!M6, HPLC!G6))) -> 1.7500885 | U6: =IF(ISERROR( HPLC!M6),0,IF(ISERROR( HPLC!G6),0,STDEV( HPLC!M6, HPLC!G6))) -> 0.11298351 | V6: =IF(ISERROR(HPLC!H6), HPLC!N6, IF(ISERROR( HPLC!N6), HPLC!H6, AVERAGE(HPLC!H6, HPLC!N6))) -> 1.9263834 | W6: =IF(ISERROR( HPLC!H6),0,IF(ISERROR( HPLC!N6),0,STDEV( HPLC!H6, HPLC!N6))) -> 0.18403382 | X6: =IF(ISERROR(HPLC!I6), HPLC!O6, IF(ISERROR( HPLC!O6), HPLC!I6, AVERAGE(HPLC!I6, HPLC!O6))) -> 33.65835 | Y6: =IF(ISERROR( HPLC!I6),0,IF(ISERROR( HPLC!O6),0,STDEV( HPLC!I6, HPLC!O6))) -> 1.8621877 | Z6: =IF(ISERROR(GC_esters!D6), GC_esters!N6, IF(ISERROR(GC_esters!N6), GC_esters!D6, AVERAGE(GC_esters!D6, GC_esters!N6))) -> 18.715 | AA6: =IF(ISERROR(GC_esters!D6),0,IF(ISERROR(GC_esters!N6),0,STDEV(GC_esters!D6, GC_esters!N6))) -> 1.6475588 | AB6: =IF(ISERROR(GC_esters!F6), GC_esters!P6, IF(ISERROR(GC_esters!P6), GC_esters!F6, AVERAGE(GC_esters!F6, GC_esters!P6))) -> 0.1325 | AC6: =IF(ISERROR(GC_esters!F6),0,IF(ISERROR(GC_esters!P6),0,STDEV(GC_esters!F6, GC_esters!P6))) -> 0.01767767 | AD6: =IF(ISERROR(GC_esters!G6), GC_esters!Q6, IF(ISERROR(GC_esters!Q6), GC_esters!G6, AVERAGE(GC_esters!G6, GC_esters!Q6))) -> 0.4925 | AE6: =IF(ISERROR(GC_esters!G6),0,IF(ISERROR(GC_esters!Q6),0,STDEV(GC_esters!G6, GC_esters!Q6))) -> 0.01767767 | AF6: =IF(ISERROR(GC_esters!H6), GC_esters!R6, IF(ISERROR(GC_esters!R6), GC_esters!H6, AVERAGE(GC_esters!H6, GC_esters!R6))) -> 9.275 | AG6: =IF(ISERROR(GC_esters!H6),0,IF(ISERROR(GC_esters!R6),0,STDEV(GC_esters!H6, GC_esters!R6))) -> 0.28991378 | AH6: =IF(ISERROR(GC_esters!I6), GC_esters!S6, IF(ISERROR(GC_esters!S6), GC_esters!I6, AVERAGE(GC_esters!I6, GC_esters!S6))) -> 3.875 | AI6: =IF(ISERROR(GC_esters!I6),0,IF(ISERROR(GC_esters!S6),0,STDEV(GC_esters!I6, GC_esters!S6))) -> 0.35355339 | AJ6: =IF(ISERROR(GC_esters!J6), GC_esters!T6, IF(ISERROR(GC_esters!T6), GC_esters!J6, AVERAGE(GC_esters!J6, GC_esters!T6))) -> 63.7875 | AK6: =IF(ISERROR(GC_esters!J6),0,IF(ISERROR(GC_esters!T6),0,STDEV(GC_esters!J6, GC_esters!T6))) -> 1.5874547 | AL6: =IF(ISERROR(GC_esters!K6), GC_esters!U6, IF(ISERROR(GC_esters!U6), GC_esters!K6, AVERAGE(GC_esters!K6, GC_esters!U6))) -> 0.5525 | AM6: =IF(ISERROR(GC_esters!K6),0,IF(ISERROR(GC_esters!U6),0,STDEV(GC_esters!K6, GC_esters!U6))) -> 0.01767767 | AN6: =IF(ISERROR(GC_esters!L6), GC_esters!V6, IF(ISERROR(GC_esters!V6), GC_esters!L6, AVERAGE(GC_esters!L6, GC_esters!V6))) -> 3.7425 | AO6: =IF(ISERROR(GC_esters!L6),0,IF(ISERROR(GC_esters!V6),0,STDEV(GC_esters!L6, GC_esters!V6))) -> 0.074246212 | AP6: =IF(ISERROR(GC_esters!M6), GC_esters!W6, IF(ISERROR(GC_esters!W6), GC_esters!M6, AVERAGE(GC_esters!M6, GC_esters!W6))) -> 7.1625 | AQ6: =IF(ISERROR(GC_esters!M6),0,IF(ISERROR(GC_esters!W6),0,STDEV(GC_esters!M6, GC_esters!W6))) -> 0.90863221 | AR6: =IF(ISERROR(GC_ketones!D6), GC_ketones!F6, IF(ISERROR(GC_ketones!F6), GC_ketones!D6, AVERAGE(GC_ketones!D6, GC_ketones!F6))) -> 923.835 | AS6: =IF(ISERROR(GC_ketones!D6),0,IF(ISERROR(GC_ketones!F6),0,STDEV(GC_ketones!D6, GC_ketones!F6))) -> 145.37408 | AT6: =IF(ISERROR(GC_ketones!E6), GC_ketones!G6, IF(ISERROR(GC_ketones!G6), GC_ketones!E6, AVERAGE(GC_ketones!E6, GC_ketones!G6))) -> 770.1175 | AU6: =IF(ISERROR(GC_ketones!E6),0,IF(ISERROR(GC_ketones!G6),0,STDEV(GC_ketones!E6, GC_ketones!G6))) -> 43.752232 | AV6: =Z6*36.6/X6 -> 20.350641 | AW6: =IF(Z6=0,0,SQRT((AA6/Z6)^2+(Y6/X6)^2)) -> 0.10397593 | AX6: =AB6*36.6/$X6 -> 0.14408015 | AY6: =IF(AB6=0,0,SQRT((AC6/AB6)^2+($Y6/$X6)^2)) -> 0.14443308 | AZ6: =AD6*36.6/$X6 -> 0.53554318 | BA6: =IF(AD6=0,0,SQRT((AE6/AD6)^2+($Y6/$X6)^2)) -> 0.065949574 | BB6: =AF6*36.6/$X6 -> 10.08561 | BC6: =IF(AF6=0,0,SQRT((AG6/AF6)^2+($Y6/$X6)^2)) -> 0.063545416 | BD6: =AH6*36.6/$X6 -> 4.2136646 | BE6: =IF(AH6=0,0,SQRT((AI6/AH6)^2+($Y6/$X6)^2)) -> 0.10670355 | BF6: =AJ6*36.6/$X6 -> 69.362357 | BG6: =IF(AJ6=0,0,SQRT((AK6/AJ6)^2+($Y6/$X6)^2)) -> 0.060665714 | BH6: =AL6*36.6/$X6 -> 0.60078702 | BI6: =IF(AL6=0,0,SQRT((AM6/AL6)^2+($Y6/$X6)^2)) -> 0.063911779 | BJ6: =AN6*36.6/$X6 -> 4.0695845 | BK6: =IF(AN6=0,0,SQRT((AO6/AN6)^2+($Y6/$X6)^2)) -> 0.058775489 | BL6: =AP6*36.6/$X6 -> 7.7884833 | BM6: =IF(AP6=0,0,SQRT((AQ6/AP6)^2+($Y6/$X6)^2)) -> 0.13839926 | BN6: =AR6*36.6/$X6 -> 1004.5757 | BO6: =IF(AR6=0,0,SQRT((AS6/AR6)^2+($Y6/$X6)^2)) -> 0.16680214 | BP6: =AT6*36.6/$X6 -> 837.42371 | BQ6: =IF(AT6=0,0,SQRT((AU6/AT6)^2+($Y6/$X6)^2)) -> 0.079300917 | BR6: =IF(AND(Z6<>0,AH6<>0),Z6/AH6,0) -> 4.8296774
A7: =CellCount_Viability!A7 -> 46273 | B7: =CellCount_Viability!B7 -> 120 | C7: =CellCount_Viability!C7 -> 5 | D7: =IF(ISERROR(CellCount_Viability!E7), CellCount_Viability!H7, IF(ISERROR(CellCount_Viability!H7), CellCount_Viability!E7, AVERAGE(CellCount_Viability!E7, CellCount_Viability!H7))) -> 37837800 | E7: =IF(ISERROR(CellCount_Viability!E7),0,IF(ISERROR(CellCount_Viability!H7),0,STDEV(CellCount_Viability!E7,CellCount_Viability!H7))) -> 69296.465 | F7: =IF(ISERROR(CellCount_Viability!F7), CellCount_Viability!I7, IF(ISERROR(CellCount_Viability!I7), CellCount_Viability!F7, AVERAGE(CellCount_Viability!F7, CellCount_Viability!I7))) -> 0.99841428 | G7: =IF(ISERROR(CellCount_Viability!F7),0,IF(ISERROR(CellCount_Viability!I7),0,STDEV(CellCount_Viability!F7,CellCount_Viability!I7))) -> 2.9040982e-06 | J7: =IF(ISERROR(Attenuation!D8), Attenuation!E8, IF(ISERROR(Attenuation!E8), Attenuation!D8, AVERAGE(Attenuation!D8, Attenuation!E8))) -> 6.86 | K7: =IF(ISERROR(Attenuation!D8),0,IF(ISERROR(Attenuation!E8),0,STDEV(Attenuation!D8,Attenuation!E8))) -> 0 | L7: =IF(ISERROR(pH!D8), pH!E8, IF(ISERROR(pH!E8), pH!D8, AVERAGE(pH!D8, pH!E8))) -> 4.1846 | M7: =IF(ISERROR(pH!D8),0,IF(ISERROR(pH!E8),0,STDEV(pH!D8,pH!E8))) -> 0 | N7: =IF(ISERROR(HPLC!D7), HPLC!J7, IF(ISERROR( HPLC!J7), HPLC!D7, AVERAGE(HPLC!D7, HPLC!J7))) -> 23.273055 | O7: =IF(ISERROR( HPLC!D7),0,IF(ISERROR( HPLC!J7),0,STDEV( HPLC!D7, HPLC!J7))) -> 0.17626734 | P7: =IF(ISERROR(HPLC!E7), HPLC!K7, IF(ISERROR( HPLC!K7), HPLC!E7, AVERAGE(HPLC!E7, HPLC!K7))) -> 19.857962 | Q7: =IF(ISERROR( HPLC!E7),0,IF(ISERROR( HPLC!K7),0,STDEV( HPLC!E7, HPLC!K7))) -> 0.57141272 | R7: =IF(ISERROR(HPLC!F7), HPLC!L7, IF(ISERROR( HPLC!L7), HPLC!F7, AVERAGE(HPLC!F7, HPLC!L7))) -> 0 | S7: =IF(ISERROR( HPLC!F7),0,IF(ISERROR( HPLC!L7),0,STDEV( HPLC!F7, HPLC!L7))) -> 0 | T7: =IF(ISERROR(HPLC!G7), HPLC!M7, IF(ISERROR( HPLC!M7), HPLC!G7, AVERAGE(HPLC!M7, HPLC!G7))) -> 0 | U7: =IF(ISERROR( HPLC!M7),0,IF(ISERROR( HPLC!G7),0,STDEV( HPLC!M7, HPLC!G7))) -> 0 | V7: =IF(ISERROR(HPLC!H7), HPLC!N7, IF(ISERROR( HPLC!N7), HPLC!H7, AVERAGE(HPLC!H7, HPLC!N7))) -> 2.2932087 | W7: =IF(ISERROR( HPLC!H7),0,IF(ISERROR( HPLC!N7),0,STDEV( HPLC!H7, HPLC!N7))) -> 0.079686446 | X7: =IF(ISERROR(HPLC!I7), HPLC!O7, IF(ISERROR( HPLC!O7), HPLC!I7, AVERAGE(HPLC!I7, HPLC!O7))) -> 45.825947 | Y7: =IF(ISERROR( HPLC!I7),0,IF(ISERROR( HPLC!O7),0,STDEV( HPLC!I7, HPLC!O7))) -> 0.038152133 | Z7: =IF(ISERROR(GC_esters!D7), GC_esters!N7, IF(ISERROR(GC_esters!N7), GC_esters!D7, AVERAGE(GC_esters!D7, GC_esters!N7))) -> 25.9525 | AA7: =IF(ISERROR(GC_esters!D7),0,IF(ISERROR(GC_esters!N7),0,STDEV(GC_esters!D7, GC_esters!N7))) -> 2.1814244 | AB7: =IF(ISERROR(GC_esters!F7), GC_esters!P7, IF(ISERROR(GC_esters!P7), GC_esters!F7, AVERAGE(GC_esters!F7, GC_esters!P7))) -> 0.17 | AC7: =IF(ISERROR(GC_esters!F7),0,IF(ISERROR(GC_esters!P7),0,STDEV(GC_esters!F7, GC_esters!P7))) -> 0.014142136 | AD7: =IF(ISERROR(GC_esters!G7), GC_esters!Q7, IF(ISERROR(GC_esters!Q7), GC_esters!G7, AVERAGE(GC_esters!G7, GC_esters!Q7))) -> 0.57 | AE7: =IF(ISERROR(GC_esters!G7),0,IF(ISERROR(GC_esters!Q7),0,STDEV(GC_esters!G7, GC_esters!Q7))) -> 0.028284271 | AF7: =IF(ISERROR(GC_esters!H7), GC_esters!R7, IF(ISERROR(GC_esters!R7), GC_esters!H7, AVERAGE(GC_esters!H7, GC_esters!R7))) -> 10.94 | AG7: =IF(ISERROR(GC_esters!H7),0,IF(ISERROR(GC_esters!R7),0,STDEV(GC_esters!H7, GC_esters!R7))) -> 0.32526912 | AH7: =IF(ISERROR(GC_esters!I7), GC_esters!S7, IF(ISERROR(GC_esters!S7), GC_esters!I7, AVERAGE(GC_esters!I7, GC_esters!S7))) -> 5.0175 | AI7: =IF(ISERROR(GC_esters!I7),0,IF(ISERROR(GC_esters!S7),0,STDEV(GC_esters!I7, GC_esters!S7))) -> 0.42072853 | AJ7: =IF(ISERROR(GC_esters!J7), GC_esters!T7, IF(ISERROR(GC_esters!T7), GC_esters!J7, AVERAGE(GC_esters!J7, GC_esters!T7))) -> 68.325 | AK7: =IF(ISERROR(GC_esters!J7),0,IF(ISERROR(GC_esters!T7),0,STDEV(GC_esters!J7, GC_esters!T7))) -> 2.0647518 | AL7: =IF(ISERROR(GC_esters!K7), GC_esters!U7, IF(ISERROR(GC_esters!U7), GC_esters!K7, AVERAGE(GC_esters!K7, GC_esters!U7))) -> 0.7275 | AM7: =IF(ISERROR(GC_esters!K7),0,IF(ISERROR(GC_esters!U7),0,STDEV(GC_esters!K7, GC_esters!U7))) -> 0.031819805 | AN7: =IF(ISERROR(GC_esters!L7), GC_esters!V7, IF(ISERROR(GC_esters!V7), GC_esters!L7, AVERAGE(GC_esters!L7, GC_esters!V7))) -> 5.3425 | AO7: =IF(ISERROR(GC_esters!L7),0,IF(ISERROR(GC_esters!V7),0,STDEV(GC_esters!L7, GC_esters!V7))) -> 0.10253048 | AP7: =IF(ISERROR(GC_esters!M7), GC_esters!W7, IF(ISERROR(GC_esters!W7), GC_esters!M7, AVERAGE(GC_esters!M7, GC_esters!W7))) -> 11.62 | AQ7: =IF(ISERROR(GC_esters!M7),0,IF(ISERROR(GC_esters!W7),0,STDEV(GC_esters!M7, GC_esters!W7))) -> 1.350574 | AR7: =IF(ISERROR(GC_ketones!D7), GC_ketones!F7, IF(ISERROR(GC_ketones!F7), GC_ketones!D7, AVERAGE(GC_ketones!D7, GC_ketones!F7))) -> 595.935 | AS7: =IF(ISERROR(GC_ketones!D7),0,IF(ISERROR(GC_ketones!F7),0,STDEV(GC_ketones!D7, GC_ketones!F7))) -> 8.6408449 | AT7: =IF(ISERROR(GC_ketones!E7), GC_ketones!G7, IF(ISERROR(GC_ketones!G7), GC_ketones!E7, AVERAGE(GC_ketones!E7, GC_ketones!G7))) -> 816.765 | AU7: =IF(ISERROR(GC_ketones!E7),0,IF(ISERROR(GC_ketones!G7),0,STDEV(GC_ketones!E7, GC_ketones!G7))) -> 59.241406 | AV7: =Z7*36.6/X7 -> 20.727591 | AW7: =IF(Z7=0,0,SQRT((AA7/Z7)^2+(Y7/X7)^2)) -> 0.084058623 | AX7: =AB7*36.6/$X7 -> 0.13577461 | AY7: =IF(AB7=0,0,SQRT((AC7/AB7)^2+($Y7/$X7)^2)) -> 0.083193199 | AZ7: =AD7*36.6/$X7 -> 0.45524427 | BA7: =IF(AD7=0,0,SQRT((AE7/AD7)^2+($Y7/$X7)^2)) -> 0.049628512 | BB7: =AF7*36.6/$X7 -> 8.7374954 | BC7: =IF(AF7=0,0,SQRT((AG7/AF7)^2+($Y7/$X7)^2)) -> 0.029743749 | BD7: =AH7*36.6/$X7 -> 4.0073476 | BE7: =IF(AH7=0,0,SQRT((AI7/AH7)^2+($Y7/$X7)^2)) -> 0.083856357 | BF7: =AJ7*36.6/$X7 -> 54.569412 | BG7: =IF(AJ7=0,0,SQRT((AK7/AJ7)^2+($Y7/$X7)^2)) -> 0.030231031 | BH7: =AL7*36.6/$X7 -> 0.58103545 | BI7: =IF(AL7=0,0,SQRT((AM7/AL7)^2+($Y7/$X7)^2)) -> 0.043746487 | BJ7: =AN7*36.6/$X7 -> 4.2669167 | BK7: =IF(AN7=0,0,SQRT((AO7/AN7)^2+($Y7/$X7)^2)) -> 0.01920953 | BL7: =AP7*36.6/$X7 -> 9.2805938 | BM7: =IF(AP7=0,0,SQRT((AQ7/AP7)^2+($Y7/$X7)^2)) -> 0.11623138 | BN7: =AR7*36.6/$X7 -> 475.95789 | BO7: =IF(AR7=0,0,SQRT((AS7/AR7)^2+($Y7/$X7)^2)) -> 0.014523525 | BP7: =AT7*36.6/$X7 -> 652.3291 | BQ7: =IF(AT7=0,0,SQRT((AU7/AT7)^2+($Y7/$X7)^2)) -> 0.072536542 | BR7: =IF(AND(Z7<>0,AH7<>0),Z7/AH7,0) -> 5.1723966
A8: =CellCount_Viability!A8 -> 46274 | B8: =CellCount_Viability!B8 -> 144 | C8: =CellCount_Viability!C8 -> 6 | D8: =IF(ISERROR(CellCount_Viability!E8), CellCount_Viability!H8, IF(ISERROR(CellCount_Viability!H8), CellCount_Viability!E8, AVERAGE(CellCount_Viability!E8, CellCount_Viability!H8))) -> 13265500 | E8: =IF(ISERROR(CellCount_Viability!E8),0,IF(ISERROR(CellCount_Viability!H8),0,STDEV(CellCount_Viability!E8,CellCount_Viability!H8))) -> 3309966.8 | F8: =IF(ISERROR(CellCount_Viability!F8), CellCount_Viability!I8, IF(ISERROR(CellCount_Viability!I8), CellCount_Viability!F8, AVERAGE(CellCount_Viability!F8, CellCount_Viability!I8))) -> 0.99455361 | G8: =IF(ISERROR(CellCount_Viability!F8),0,IF(ISERROR(CellCount_Viability!I8),0,STDEV(CellCount_Viability!F8,CellCount_Viability!I8))) -> 0.0013589661 | J8: =IF(ISERROR(Attenuation!D9), Attenuation!E9, IF(ISERROR(Attenuation!E9), Attenuation!D9, AVERAGE(Attenuation!D9, Attenuation!E9))) -> 4.8265 | K8: =IF(ISERROR(Attenuation!D9),0,IF(ISERROR(Attenuation!E9),0,STDEV(Attenuation!D9,Attenuation!E9))) -> 0.24253763 | L8: =IF(ISERROR(pH!D9), pH!E9, IF(ISERROR(pH!E9), pH!D9, AVERAGE(pH!D9, pH!E9))) -> 4.1961 | M8: =IF(ISERROR(pH!D9),0,IF(ISERROR(pH!E9),0,STDEV(pH!D9,pH!E9))) -> 0.21085924 | N8: =IF(ISERROR(HPLC!D8), HPLC!J8, IF(ISERROR( HPLC!J8), HPLC!D8, AVERAGE(HPLC!D8, HPLC!J8))) -> 20.391254 | O8: =IF(ISERROR( HPLC!D8),0,IF(ISERROR( HPLC!J8),0,STDEV( HPLC!D8, HPLC!J8))) -> 0.65940618 | P8: =IF(ISERROR(HPLC!E8), HPLC!K8, IF(ISERROR( HPLC!K8), HPLC!E8, AVERAGE(HPLC!E8, HPLC!K8))) -> 5.29089 | Q8: =IF(ISERROR( HPLC!E8),0,IF(ISERROR( HPLC!K8),0,STDEV( HPLC!E8, HPLC!K8))) -> 0.0069481883 | R8: =IF(ISERROR(HPLC!F8), HPLC!L8, IF(ISERROR( HPLC!L8), HPLC!F8, AVERAGE(HPLC!F8, HPLC!L8))) -> 0 | S8: =IF(ISERROR( HPLC!F8),0,IF(ISERROR( HPLC!L8),0,STDEV( HPLC!F8, HPLC!L8))) -> 0 | T8: =IF(ISERROR(HPLC!G8), HPLC!M8, IF(ISERROR( HPLC!M8), HPLC!G8, AVERAGE(HPLC!M8, HPLC!G8))) -> 0 | U8: =IF(ISERROR( HPLC!M8),0,IF(ISERROR( HPLC!G8),0,STDEV( HPLC!M8, HPLC!G8))) -> 0 | V8: =IF(ISERROR(HPLC!H8), HPLC!N8, IF(ISERROR( HPLC!N8), HPLC!H8, AVERAGE(HPLC!H8, HPLC!N8))) -> 2.5698618 | W8: =IF(ISERROR( HPLC!H8),0,IF(ISERROR( HPLC!N8),0,STDEV( HPLC!H8, HPLC!N8))) -> 0.050712745 | X8: =IF(ISERROR(HPLC!I8), HPLC!O8, IF(ISERROR( HPLC!O8), HPLC!I8, AVERAGE(HPLC!I8, HPLC!O8))) -> 56.618121 | Y8: =IF(ISERROR( HPLC!I8),0,IF(ISERROR( HPLC!O8),0,STDEV( HPLC!I8, HPLC!O8))) -> 1.4873604 | Z8: =IF(ISERROR(GC_esters!D8), GC_esters!N8, IF(ISERROR(GC_esters!N8), GC_esters!D8, AVERAGE(GC_esters!D8, GC_esters!N8))) -> 30.821375 | AA8: =IF(ISERROR(GC_esters!D8),0,IF(ISERROR(GC_esters!N8),0,STDEV(GC_esters!D8, GC_esters!N8))) -> 2.1444781 | AB8: =IF(ISERROR(GC_esters!F8), GC_esters!P8, IF(ISERROR(GC_esters!P8), GC_esters!F8, AVERAGE(GC_esters!F8, GC_esters!P8))) -> 0.192 | AC8: =IF(ISERROR(GC_esters!F8),0,IF(ISERROR(GC_esters!P8),0,STDEV(GC_esters!F8, GC_esters!P8))) -> 0.014142136 | AD8: =IF(ISERROR(GC_esters!G8), GC_esters!Q8, IF(ISERROR(GC_esters!Q8), GC_esters!G8, AVERAGE(GC_esters!G8, GC_esters!Q8))) -> 0.634625 | AE8: =IF(ISERROR(GC_esters!G8),0,IF(ISERROR(GC_esters!Q8),0,STDEV(GC_esters!G8, GC_esters!Q8))) -> 0.02245064 | AF8: =IF(ISERROR(GC_esters!H8), GC_esters!R8, IF(ISERROR(GC_esters!R8), GC_esters!H8, AVERAGE(GC_esters!H8, GC_esters!R8))) -> 11.967125 | AG8: =IF(ISERROR(GC_esters!H8),0,IF(ISERROR(GC_esters!R8),0,STDEV(GC_esters!H8, GC_esters!R8))) -> 0.163872 | AH8: =IF(ISERROR(GC_esters!I8), GC_esters!S8, IF(ISERROR(GC_esters!S8), GC_esters!I8, AVERAGE(GC_esters!I8, GC_esters!S8))) -> 5.700875 | AI8: =IF(ISERROR(GC_esters!I8),0,IF(ISERROR(GC_esters!S8),0,STDEV(GC_esters!I8, GC_esters!S8))) -> 0.40711673 | AJ8: =IF(ISERROR(GC_esters!J8), GC_esters!T8, IF(ISERROR(GC_esters!T8), GC_esters!J8, AVERAGE(GC_esters!J8, GC_esters!T8))) -> 71.257875 | AK8: =IF(ISERROR(GC_esters!J8),0,IF(ISERROR(GC_esters!T8),0,STDEV(GC_esters!J8, GC_esters!T8))) -> 1.11387 | AL8: =IF(ISERROR(GC_esters!K8), GC_esters!U8, IF(ISERROR(GC_esters!U8), GC_esters!K8, AVERAGE(GC_esters!K8, GC_esters!U8))) -> 0.772875 | AM8: =IF(ISERROR(GC_esters!K8),0,IF(ISERROR(GC_esters!U8),0,STDEV(GC_esters!K8, GC_esters!U8))) -> 0.025986174 | AN8: =IF(ISERROR(GC_esters!L8), GC_esters!V8, IF(ISERROR(GC_esters!V8), GC_esters!L8, AVERAGE(GC_esters!L8, GC_esters!V8))) -> 6.3435 | AO8: =IF(ISERROR(GC_esters!L8),0,IF(ISERROR(GC_esters!V8),0,STDEV(GC_esters!L8, GC_esters!V8))) -> 0.044194174 | AP8: =IF(ISERROR(GC_esters!M8), GC_esters!W8, IF(ISERROR(GC_esters!W8), GC_esters!M8, AVERAGE(GC_esters!M8, GC_esters!W8))) -> 13.568375 | AQ8: =IF(ISERROR(GC_esters!M8),0,IF(ISERROR(GC_esters!W8),0,STDEV(GC_esters!M8, GC_esters!W8))) -> 1.0063897 | AR8: =IF(ISERROR(GC_ketones!D8), GC_ketones!F8, IF(ISERROR(GC_ketones!F8), GC_ketones!D8, AVERAGE(GC_ketones!D8, GC_ketones!F8))) -> 428.70125 | AS8: =IF(ISERROR(GC_ketones!D8),0,IF(ISERROR(GC_ketones!F8),0,STDEV(GC_ketones!D8, GC_ketones!F8))) -> 25.620246 | AT8: =IF(ISERROR(GC_ketones!E8), GC_ketones!G8, IF(ISERROR(GC_ketones!G8), GC_ketones!E8, AVERAGE(GC_ketones!E8, GC_ketones!G8))) -> 567.28625 | AU8: =IF(ISERROR(GC_ketones!E8),0,IF(ISERROR(GC_ketones!G8),0,STDEV(GC_ketones!E8, GC_ketones!G8))) -> 39.744704 | AV8: =Z8*36.6/X8 -> 19.924051 | AW8: =IF(Z8=0,0,SQRT((AA8/Z8)^2+(Y8/X8)^2)) -> 0.074371776 | AX8: =AB8*36.6/$X8 -> 0.12411574 | AY8: =IF(AB8=0,0,SQRT((AC8/AB8)^2+($Y8/$X8)^2)) -> 0.078201421 | AZ8: =AD8*36.6/$X8 -> 0.41024454 | BA8: =IF(AD8=0,0,SQRT((AE8/AD8)^2+($Y8/$X8)^2)) -> 0.044063509 | BB8: =AF8*36.6/$X8 -> 7.7359821 | BC8: =IF(AF8=0,0,SQRT((AG8/AF8)^2+($Y8/$X8)^2)) -> 0.029624777 | BD8: =AH8*36.6/$X8 -> 3.6852517 | BE8: =IF(AH8=0,0,SQRT((AI8/AH8)^2+($Y8/$X8)^2)) -> 0.076091624 | BF8: =AJ8*36.6/$X8 -> 46.063666 | BG8: =IF(AJ8=0,0,SQRT((AK8/AJ8)^2+($Y8/$X8)^2)) -> 0.030568938 | BH8: =AL8*36.6/$X8 -> 0.49961433 | BI8: =IF(AL8=0,0,SQRT((AM8/AL8)^2+($Y8/$X8)^2)) -> 0.042668532 | BJ8: =AN8*36.6/$X8 -> 4.1006677 | BK8: =IF(AN8=0,0,SQRT((AO8/AN8)^2+($Y8/$X8)^2)) -> 0.027178153 | BL8: =AP8*36.6/$X8 -> 8.771088 | BM8: =IF(AP8=0,0,SQRT((AQ8/AP8)^2+($Y8/$X8)^2)) -> 0.078686462 | BN8: =AR8*36.6/$X8 -> 277.12798 | BO8: =IF(AR8=0,0,SQRT((AS8/AR8)^2+($Y8/$X8)^2)) -> 0.065281453 | BP8: =AT8*36.6/$X8 -> 366.71434 | BQ8: =IF(AT8=0,0,SQRT((AU8/AT8)^2+($Y8/$X8)^2)) -> 0.074824289 | BR8: =IF(AND(Z8<>0,AH8<>0),Z8/AH8,0) -> 5.4064288
A9: =CellCount_Viability!A9 -> 46275 | B9: =CellCount_Viability!B9 -> 168 | C9: =CellCount_Viability!C9 -> 7 | D9: =IF(ISERROR(CellCount_Viability!E9), CellCount_Viability!H9, IF(ISERROR(CellCount_Viability!H9), CellCount_Viability!E9, AVERAGE(CellCount_Viability!E9, CellCount_Viability!H9))) -> 5498900 | E9: =IF(ISERROR(CellCount_Viability!E9),0,IF(ISERROR(CellCount_Viability!H9),0,STDEV(CellCount_Viability!E9,CellCount_Viability!H9))) -> 393292.79 | F9: =IF(ISERROR(CellCount_Viability!F9), CellCount_Viability!I9, IF(ISERROR(CellCount_Viability!I9), CellCount_Viability!F9, AVERAGE(CellCount_Viability!F9, CellCount_Viability!I9))) -> 0.98541433 | G9: =IF(ISERROR(CellCount_Viability!F9),0,IF(ISERROR(CellCount_Viability!I9),0,STDEV(CellCount_Viability!F9,CellCount_Viability!I9))) -> 0.0010431975 | J9: =IF(ISERROR(Attenuation!D10), Attenuation!E10, IF(ISERROR(Attenuation!E10), Attenuation!D10, AVERAGE(Attenuation!D10, Attenuation!E10))) -> 4.8445 | K9: =IF(ISERROR(Attenuation!D10),0,IF(ISERROR(Attenuation!E10),0,STDEV(Attenuation!D10,Attenuation!E10))) -> 0.085559921 | L9: =IF(ISERROR(pH!D10), pH!E10, IF(ISERROR(pH!E10), pH!D10, AVERAGE(pH!D10, pH!E10))) -> 4.5847 | M9: =IF(ISERROR(pH!D10),0,IF(ISERROR(pH!E10),0,STDEV(pH!D10,pH!E10))) -> 0.14467405 | N9: =IF(ISERROR(HPLC!D9), HPLC!J9, IF(ISERROR( HPLC!J9), HPLC!D9, AVERAGE(HPLC!D9, HPLC!J9))) -> 18.845536 | O9: =IF(ISERROR( HPLC!D9),0,IF(ISERROR( HPLC!J9),0,STDEV( HPLC!D9, HPLC!J9))) -> 0.039336516 | P9: =IF(ISERROR(HPLC!E9), HPLC!K9, IF(ISERROR( HPLC!K9), HPLC!E9, AVERAGE(HPLC!E9, HPLC!K9))) -> 3.9351089 | Q9: =IF(ISERROR( HPLC!E9),0,IF(ISERROR( HPLC!K9),0,STDEV( HPLC!E9, HPLC!K9))) -> 0.14345346 | R9: =IF(ISERROR(HPLC!F9), HPLC!L9, IF(ISERROR( HPLC!L9), HPLC!F9, AVERAGE(HPLC!F9, HPLC!L9))) -> 0 | S9: =IF(ISERROR( HPLC!F9),0,IF(ISERROR( HPLC!L9),0,STDEV( HPLC!F9, HPLC!L9))) -> 0 | T9: =IF(ISERROR(HPLC!G9), HPLC!M9, IF(ISERROR( HPLC!M9), HPLC!G9, AVERAGE(HPLC!M9, HPLC!G9))) -> 0 | U9: =IF(ISERROR( HPLC!M9),0,IF(ISERROR( HPLC!G9),0,STDEV( HPLC!M9, HPLC!G9))) -> 0 | V9: =IF(ISERROR(HPLC!H9), HPLC!N9, IF(ISERROR( HPLC!N9), HPLC!H9, AVERAGE(HPLC!H9, HPLC!N9))) -> 2.4890147 | W9: =IF(ISERROR( HPLC!H9),0,IF(ISERROR( HPLC!N9),0,STDEV( HPLC!H9, HPLC!N9))) -> 0.082957833 | X9: =IF(ISERROR(HPLC!I9), HPLC!O9, IF(ISERROR( HPLC!O9), HPLC!I9, AVERAGE(HPLC!I9, HPLC!O9))) -> 59.954871 | Y9: =IF(ISERROR( HPLC!I9),0,IF(ISERROR( HPLC!O9),0,STDEV( HPLC!I9, HPLC!O9))) -> 0.078383455 | Z9: =IF(ISERROR(GC_esters!D9), GC_esters!N9, IF(ISERROR(GC_esters!N9), GC_esters!D9, AVERAGE(GC_esters!D9, GC_esters!N9))) -> 34.805 | AA9: =IF(ISERROR(GC_esters!D9),0,IF(ISERROR(GC_esters!N9),0,STDEV(GC_esters!D9, GC_esters!N9))) -> 2.1142493 | AB9: =IF(ISERROR(GC_esters!F9), GC_esters!P9, IF(ISERROR(GC_esters!P9), GC_esters!F9, AVERAGE(GC_esters!F9, GC_esters!P9))) -> 0.21 | AC9: =IF(ISERROR(GC_esters!F9),0,IF(ISERROR(GC_esters!P9),0,STDEV(GC_esters!F9, GC_esters!P9))) -> 0.014142136 | AD9: =IF(ISERROR(GC_esters!G9), GC_esters!Q9, IF(ISERROR(GC_esters!Q9), GC_esters!G9, AVERAGE(GC_esters!G9, GC_esters!Q9))) -> 0.6875 | AE9: =IF(ISERROR(GC_esters!G9),0,IF(ISERROR(GC_esters!Q9),0,STDEV(GC_esters!G9, GC_esters!Q9))) -> 0.01767767 | AF9: =IF(ISERROR(GC_esters!H9), GC_esters!R9, IF(ISERROR(GC_esters!R9), GC_esters!H9, AVERAGE(GC_esters!H9, GC_esters!R9))) -> 12.8075 | AG9: =IF(ISERROR(GC_esters!H9),0,IF(ISERROR(GC_esters!R9),0,STDEV(GC_esters!H9, GC_esters!R9))) -> 0.031819805 | AH9: =IF(ISERROR(GC_esters!I9), GC_esters!S9, IF(ISERROR(GC_esters!S9), GC_esters!I9, AVERAGE(GC_esters!I9, GC_esters!S9))) -> 6.26 | AI9: =IF(ISERROR(GC_esters!I9),0,IF(ISERROR(GC_esters!S9),0,STDEV(GC_esters!I9, GC_esters!S9))) -> 0.3959798 | AJ9: =IF(ISERROR(GC_esters!J9), GC_esters!T9, IF(ISERROR(GC_esters!T9), GC_esters!J9, AVERAGE(GC_esters!J9, GC_esters!T9))) -> 73.6575 | AK9: =IF(ISERROR(GC_esters!J9),0,IF(ISERROR(GC_esters!T9),0,STDEV(GC_esters!J9, GC_esters!T9))) -> 0.33587572 | AL9: =IF(ISERROR(GC_esters!K9), GC_esters!U9, IF(ISERROR(GC_esters!U9), GC_esters!K9, AVERAGE(GC_esters!K9, GC_esters!U9))) -> 0.81 | AM9: =IF(ISERROR(GC_esters!K9),0,IF(ISERROR(GC_esters!U9),0,STDEV(GC_esters!K9, GC_esters!U9))) -> 0.021213203 | AN9: =IF(ISERROR(GC_esters!L9), GC_esters!V9, IF(ISERROR(GC_esters!V9), GC_esters!L9, AVERAGE(GC_esters!L9, GC_esters!V9))) -> 7.1625 | AO9: =IF(ISERROR(GC_esters!L9),0,IF(ISERROR(GC_esters!V9),0,STDEV(GC_esters!L9, GC_esters!V9))) -> 0.0035355339 | AP9: =IF(ISERROR(GC_esters!M9), GC_esters!W9, IF(ISERROR(GC_esters!W9), GC_esters!M9, AVERAGE(GC_esters!M9, GC_esters!W9))) -> 15.1625 | AQ9: =IF(ISERROR(GC_esters!M9),0,IF(ISERROR(GC_esters!W9),0,STDEV(GC_esters!M9, GC_esters!W9))) -> 0.72478445 | AR9: =IF(ISERROR(GC_ketones!D9), GC_ketones!F9, IF(ISERROR(GC_ketones!F9), GC_ketones!D9, AVERAGE(GC_ketones!D9, GC_ketones!F9))) -> 361.80775 | AS9: =IF(ISERROR(GC_ketones!D9),0,IF(ISERROR(GC_ketones!F9),0,STDEV(GC_ketones!D9, GC_ketones!F9))) -> 32.412007 | AT9: =IF(ISERROR(GC_ketones!E9), GC_ketones!G9, IF(ISERROR(GC_ketones!G9), GC_ketones!E9, AVERAGE(GC_ketones!E9, GC_ketones!G9))) -> 467.49475 | AU9: =IF(ISERROR(GC_ketones!E9),0,IF(ISERROR(GC_ketones!G9),0,STDEV(GC_ketones!E9, GC_ketones!G9))) -> 31.946024 | AV9: =Z9*36.6/X9 -> 21.247031 | AW9: =IF(Z9=0,0,SQRT((AA9/Z9)^2+(Y9/X9)^2)) -> 0.060759629 | AX9: =AB9*36.6/$X9 -> 0.12819642 | AY9: =IF(AB9=0,0,SQRT((AC9/AB9)^2+($Y9/$X9)^2)) -> 0.067356192 | AZ9: =AD9*36.6/$X9 -> 0.41969067 | BA9: =IF(AD9=0,0,SQRT((AE9/AD9)^2+($Y9/$X9)^2)) -> 0.025746189 | BB9: =AF9*36.6/$X9 -> 7.8184556 | BC9: =IF(AF9=0,0,SQRT((AG9/AF9)^2+($Y9/$X9)^2)) -> 0.0028074546 | BD9: =AH9*36.6/$X9 -> 3.8214743 | BE9: =IF(AH9=0,0,SQRT((AI9/AH9)^2+($Y9/$X9)^2)) -> 0.063269068 | BF9: =AJ9*36.6/$X9 -> 44.964895 | BG9: =IF(AJ9=0,0,SQRT((AK9/AJ9)^2+($Y9/$X9)^2)) -> 0.0047436822 | BH9: =AL9*36.6/$X9 -> 0.49447191 | BI9: =IF(AL9=0,0,SQRT((AM9/AL9)^2+($Y9/$X9)^2)) -> 0.026221752 | BJ9: =AN9*36.6/$X9 -> 4.3724137 | BK9: =IF(AN9=0,0,SQRT((AO9/AN9)^2+($Y9/$X9)^2)) -> 0.0013974568 | BL9: =AP9*36.6/$X9 -> 9.2560869 | BM9: =IF(AP9=0,0,SQRT((AQ9/AP9)^2+($Y9/$X9)^2)) -> 0.047818993 | BN9: =AR9*36.6/$X9 -> 220.86885 | BO9: =IF(AR9=0,0,SQRT((AS9/AR9)^2+($Y9/$X9)^2)) -> 0.089593046 | BP9: =AT9*36.6/$X9 -> 285.38645 | BQ9: =IF(AT9=0,0,SQRT((AU9/AT9)^2+($Y9/$X9)^2)) -> 0.068347013 | BR9: =IF(AND(Z9<>0,AH9<>0),Z9/AH9,0) -> 5.5599042
